EXAMPLE_ID,RANK_1,RANK_2,RANK_3,RANK_4,RANK_5
valid_0001,DEPOSIT METAL SEED,FILL VIA METAL,ANNEAL METAL 1,DEPOSIT METAL 1,ANNEAL METAL
valid_0002,CLEAN PAD OPENING,CLEAN AFTER ETCH,CLEAN AFTER METAL ETCH,CLEAN AFTER VIA ETCH,CLEAN AFTER POLY ETCH
valid_0003,MEASURE VIA CD,DEPOSIT BARRIER METAL,MEASURE GATE CD,MEASURE OPENING CD,CLEAN AFTER VIA ETCH
valid_0004,PASSIVATION ETCH,PASSIVATION ETCH PAD OPENING,DEPOSIT PASSIVATION,DEPOSIT PASSIVATION LAYER,DIELECTRIC ETCH VIA
valid_0005,MEASURE VIA CD,DEPOSIT BARRIER METAL,VIA INSPECTION,MEASURE GATE CD,CLEAN AFTER VIA ETCH
valid_0006,PASSIVATION ETCH,PASSIVATION ETCH PAD OPENING,DIELECTRIC ETCH VIA,VIA ETCH THROUGH DIELECTRIC,DEPOSIT PASSIVATION LAYER
valid_0007,MEASURE VIA CD,DEPOSIT BARRIER METAL,CLEAN AFTER VIA ETCH,MEASURE FILM THICKNESS,MEASURE DIELECTRIC THICKNESS
valid_0008,PASSIVATION ETCH,PASSIVATION ETCH PAD OPENING,CLEAN PAD OPENING,DEPOSIT PASSIVATION,DEPOSIT PASSIVATION LAYER
valid_0009,MEASURE VIA CD,DEPOSIT BARRIER METAL,MEASURE GATE CD,MEASURE OPENING CD,DEPOSIT TOP METAL
valid_0010,STRIP PHOTORESIST,STRIP RESIST,CURE PASSIVATION,DEVELOP PHOTORESIST,BACKSIDE METALLIZATION PREP
valid_0011,MEASURE VIA CD,DEPOSIT BARRIER METAL,MEASURE GATE CD,MEASURE OPENING CD,MEASURE FILM THICKNESS
valid_0012,PASSIVATION ETCH,PASSIVATION ETCH PAD OPENING,CLEAN PAD OPENING,DIELECTRIC ETCH VIA,VIA ETCH THROUGH DIELECTRIC
valid_0013,MEASURE VIA CD,DEPOSIT BARRIER METAL,MEASURE GATE CD,MEASURE OPENING CD,MEASURE LINE WIDTH
valid_0014,STRIP PHOTORESIST,STRIP RESIST,BACKSIDE METALLIZATION PREP,CURE PASSIVATION,THRESHOLD VOLTAGE TEST
valid_0015,MEASURE VIA CD,DEPOSIT BARRIER METAL,MEASURE GATE CD,MEASURE OPENING CD,CMP METAL
valid_0016,STRIP RESIST,STRIP PHOTORESIST,DEVELOP PHOTORESIST,PAD WINDOW LITHO,DEVELOP PAD WINDOW
valid_0017,CLEAN AFTER VIA ETCH,CLEAN AFTER POLY ETCH,CLEAN AFTER METAL ETCH,CLEAN PAD OPENING,CLEAN AFTER ETCH
valid_0018,PASSIVATION ETCH,PASSIVATION ETCH PAD OPENING,DEPOSIT PASSIVATION LAYER,DEPOSIT PASSIVATION,MEASURE LINE WIDTH
valid_0019,DEPOSIT BARRIER METAL,MEASURE VIA CD,IMPLANT LDD,DEPOSIT METAL SEED,SPIN COAT PHOTORESIST
valid_0020,STRIP PHOTORESIST,STRIP RESIST,CURE PASSIVATION,BACKSIDE METALLIZATION PREP,MEASURE LINE WIDTH
valid_0021,CLEAN AFTER VIA ETCH,CLEAN AFTER POLY ETCH,CLEAN AFTER METAL ETCH,CLEAN PAD OPENING,CLEAN AFTER ETCH
valid_0022,DEVELOP PAD WINDOW,DEVELOP PHOTORESIST,POST EXPOSE BAKE,OPEN PAD WINDOW LITHO,PAD WINDOW LITHO
valid_0023,CLEAN AFTER VIA ETCH,CLEAN AFTER METAL ETCH,CLEAN AFTER POLY ETCH,CLEAN PAD OPENING,CLEAN AFTER ETCH
valid_0024,PASSIVATION ETCH,PASSIVATION ETCH PAD OPENING,DIELECTRIC ETCH VIA,VIA ETCH THROUGH DIELECTRIC,DEPOSIT PASSIVATION LAYER
valid_0025,CLEAN AFTER VIA ETCH,CLEAN AFTER POLY ETCH,CLEAN AFTER METAL ETCH,CLEAN PAD OPENING,CLEAN AFTER ETCH
valid_0026,DEVELOP PHOTORESIST,DEVELOP PAD WINDOW,POST EXPOSE BAKE,PAD WINDOW LITHO,OPEN PAD WINDOW LITHO
valid_0027,STRIP PHOTORESIST,STRIP RESIST,DENSIFY OXIDE,DENSIFY DIELECTRIC,VIA ETCH
valid_0028,OPEN PAD WINDOW LITHO,PAD WINDOW LITHO,SPIN COAT PHOTORESIST,OPEN PAD WINDOW,OPEN BOND PAD WINDOW
valid_0029,STRIP PHOTORESIST,STRIP RESIST,DENSIFY OXIDE,DENSIFY DIELECTRIC,HARD BAKE
valid_0030,DEVELOP PHOTORESIST,DEVELOP PAD WINDOW,POST EXPOSE BAKE,PAD WINDOW LITHO,OPEN PAD WINDOW LITHO
valid_0031,MEASURE VIA CD,DEPOSIT BARRIER METAL,MEASURE GATE CD,MEASURE OPENING CD,CLEAN AFTER VIA ETCH
valid_0032,STRIP PHOTORESIST,STRIP RESIST,BACKSIDE METALLIZATION PREP,CURE PASSIVATION,DENSIFY DIELECTRIC
valid_0033,FILL VIA METAL,DEPOSIT METAL SEED,ANNEAL METAL,ANNEAL METAL 1,CMP METAL
valid_0034,STRIP PHOTORESIST,STRIP RESIST,DEVELOP PHOTORESIST,BACKSIDE METALLIZATION PREP,PAD WINDOW LITHO
valid_0035,DEPOSIT BARRIER METAL,MEASURE VIA CD,DEPOSIT METAL SEED,DEPOSIT INTERLAYER DIELECTRIC,IMPLANT LDD
valid_0036,CLEAN PAD OPENING,CLEAN AFTER ETCH,CLEAN AFTER METAL ETCH,CLEAN AFTER POLY ETCH,CLEAN AFTER VIA ETCH
valid_0037,MEASURE VIA CD,DEPOSIT BARRIER METAL,MEASURE OPENING CD,MEASURE GATE CD,VIA INSPECTION
valid_0038,STRIP PHOTORESIST,STRIP RESIST,DEVELOP PHOTORESIST,MEASURE LINE WIDTH,CURE PASSIVATION
valid_0039,CMP METAL,CMP VIA FILL,CMP DIELECTRIC,CMP INTERLAYER DIELECTRIC,BACKSIDE CLEAN
valid_0040,MEASURE PAD OPENING,IMPLANT SOURCE DRAIN,MEASURE GATE CD,BACKSIDE GRIND,CLEAN PAD OPENING
valid_0041,MEASURE VIA CD,DEPOSIT BARRIER METAL,VIA INSPECTION,MEASURE OPENING CD,MEASURE GATE CD
valid_0042,DEVELOP PHOTORESIST,DEVELOP PAD WINDOW,POST EXPOSE BAKE,OPEN PAD WINDOW LITHO,PAD WINDOW LITHO
valid_0043,MEASURE VIA CD,DEPOSIT BARRIER METAL,MEASURE OPENING CD,MEASURE GATE CD,VIA INSPECTION
valid_0044,PASSIVATION ETCH,PASSIVATION ETCH PAD OPENING,CLEAN PAD OPENING,DEPOSIT PASSIVATION LAYER,DIELECTRIC ETCH VIA
valid_0045,MEASURE VIA CD,DEPOSIT BARRIER METAL,CLEAN AFTER VIA ETCH,MEASURE OPENING CD,MEASURE GATE CD
valid_0046,PASSIVATION ETCH,PASSIVATION ETCH PAD OPENING,DIELECTRIC ETCH VIA,VIA ETCH THROUGH DIELECTRIC,DEPOSIT PASSIVATION LAYER
valid_0047,DEPOSIT METAL SEED,FILL VIA METAL,ANNEAL METAL 1,ANNEAL METAL,POLYSILICON ANNEAL
valid_0048,STRIP PHOTORESIST,STRIP RESIST,CURE PASSIVATION,BACKSIDE METALLIZATION PREP,DEVELOP PHOTORESIST
valid_0049,DEPOSIT BARRIER METAL,DEPOSIT POLYSILICON,DEPOSIT METAL SEED,MEASURE VIA CD,DEPOSIT PASSIVATION
valid_0050,PASSIVATION ETCH PAD OPENING,PASSIVATION ETCH,DIELECTRIC ETCH VIA,VIA ETCH THROUGH DIELECTRIC,VIA ETCH
valid_0051,DEPOSIT BARRIER METAL,MEASURE VIA CD,IMPLANT LDD,DEPOSIT METAL SEED,DEPOSIT PASSIVATION
valid_0052,STRIP RESIST,STRIP PHOTORESIST,CURE PASSIVATION,BACKSIDE METALLIZATION PREP,PASSIVATION ETCH PAD OPENING
valid_0053,CLEAN AFTER VIA ETCH,CLEAN AFTER POLY ETCH,DEPOSIT METAL SEED,CLEAN PAD OPENING,CLEAN AFTER METAL ETCH
valid_0054,PASSIVATION ETCH,PASSIVATION ETCH PAD OPENING,DEPOSIT PASSIVATION,DEPOSIT PASSIVATION LAYER,DIELECTRIC ETCH VIA
valid_0055,DEPOSIT METAL SEED,FILL VIA METAL,ANNEAL METAL 1,ANNEAL METAL,POLYSILICON ANNEAL
valid_0056,CLEAN PAD OPENING,CLEAN AFTER ETCH,CLEAN AFTER VIA ETCH,CLEAN AFTER METAL ETCH,CLEAN AFTER POLY ETCH
valid_0057,STRIP PHOTORESIST,STRIP RESIST,DENSIFY OXIDE,DENSIFY DIELECTRIC,VIA ETCH
valid_0058,STRIP PHOTORESIST,STRIP RESIST,DEVELOP PHOTORESIST,DEVELOP PAD WINDOW,CURE PASSIVATION
valid_0059,MEASURE VIA CD,DEPOSIT BARRIER METAL,MEASURE OPENING CD,MEASURE GATE CD,CMP METAL
valid_0060,PASSIVATION ETCH,PASSIVATION ETCH PAD OPENING,DIELECTRIC ETCH VIA,VIA ETCH THROUGH DIELECTRIC,DEPOSIT PASSIVATION LAYER
valid_0061,DEPOSIT BARRIER METAL,MEASURE VIA CD,SPIN COAT PHOTORESIST,EXPOSE LITHO LEVEL 3,IMPLANT LDD
valid_0062,DEVELOP PHOTORESIST,DEVELOP PAD WINDOW,POST EXPOSE BAKE,STRIP RESIST,STRIP PHOTORESIST
valid_0063,STRIP PHOTORESIST,STRIP RESIST,DENSIFY OXIDE,DENSIFY DIELECTRIC,BACKSIDE ETCH CLEAN
valid_0064,DEVELOP PHOTORESIST,DEVELOP PAD WINDOW,POST EXPOSE BAKE,STRIP RESIST,OPEN PAD WINDOW LITHO
valid_0065,MEASURE VIA CD,DEPOSIT BARRIER METAL,MEASURE GATE CD,MEASURE OPENING CD,MEASURE DIELECTRIC THICKNESS
valid_0066,PASSIVATION ETCH PAD OPENING,PASSIVATION ETCH,VIA INSPECTION,DIELECTRIC ETCH VIA,CLEAN PAD OPENING
valid_0067,CLEAN AFTER VIA ETCH,CLEAN AFTER POLY ETCH,CLEAN AFTER METAL ETCH,CLEAN PAD OPENING,CLEAN AFTER ETCH
valid_0068,STRIP PHOTORESIST,STRIP RESIST,DEVELOP PHOTORESIST,CURE PASSIVATION,BACKSIDE METALLIZATION PREP
valid_0069,CLEAN AFTER VIA ETCH,CLEAN AFTER METAL ETCH,CLEAN AFTER POLY ETCH,CLEAN AFTER ETCH,ALIGN MASK LEVEL 3
valid_0070,PASSIVATION ETCH,PASSIVATION ETCH PAD OPENING,DIELECTRIC ETCH VIA,VIA ETCH THROUGH DIELECTRIC,VIA ETCH
valid_0071,CLEAN AFTER VIA ETCH,CLEAN AFTER POLY ETCH,CLEAN AFTER METAL ETCH,CLEAN PAD OPENING,ALIGN MASK LEVEL 3
valid_0072,PASSIVATION ETCH,PASSIVATION ETCH PAD OPENING,DIELECTRIC ETCH VIA,VIA ETCH THROUGH DIELECTRIC,VIA ETCH
valid_0073,MEASURE VIA CD,DEPOSIT BARRIER METAL,MEASURE GATE CD,VIA INSPECTION,MEASURE OPENING CD
valid_0074,STRIP PHOTORESIST,STRIP RESIST,CURE PASSIVATION,DEVELOP PHOTORESIST,BACKSIDE METALLIZATION PREP
valid_0075,MEASURE VIA CD,DEPOSIT BARRIER METAL,MEASURE GATE CD,MEASURE OPENING CD,MEASURE SPACER WIDTH
valid_0076,PASSIVATION ETCH,PASSIVATION ETCH PAD OPENING,DIELECTRIC ETCH VIA,POLYSILICON ETCH,OXIDE ETCH
valid_0077,CLEAN AFTER VIA ETCH,CLEAN AFTER METAL ETCH,DEPOSIT METAL SEED,CLEAN AFTER POLY ETCH,CLEAN AFTER ETCH
valid_0078,STRIP PHOTORESIST,STRIP RESIST,CURE PASSIVATION,BACKSIDE RINSE,LEAKAGE TEST
valid_0079,MEASURE VIA CD,DEPOSIT BARRIER METAL,MEASURE OPENING CD,MEASURE GATE CD,CLEAN AFTER VIA ETCH
valid_0080,STRIP PHOTORESIST,STRIP RESIST,DEVELOP PHOTORESIST,BACKSIDE METALLIZATION PREP,CURE PASSIVATION
valid_0081,DEPOSIT BARRIER METAL,MEASURE VIA CD,SPIN COAT PHOTORESIST,DEPOSIT METAL SEED,IMPLANT LDD
valid_0082,STRIP PHOTORESIST,STRIP RESIST,DEVELOP PHOTORESIST,BACKSIDE METALLIZATION PREP,DENSIFY DIELECTRIC
valid_0083,STRIP RESIST,STRIP PHOTORESIST,DENSIFY OXIDE,DENSIFY DIELECTRIC,HARD BAKE
valid_0084,PASSIVATION ETCH,PASSIVATION ETCH PAD OPENING,DEPOSIT PASSIVATION LAYER,DEPOSIT PASSIVATION,DIELECTRIC ETCH VIA
valid_0085,MEASURE VIA CD,DEPOSIT BARRIER METAL,VIA INSPECTION,MEASURE GATE CD,MEASURE OPENING CD
valid_0086,CLEAN PAD OPENING,CLEAN AFTER ETCH,CLEAN AFTER METAL ETCH,CLEAN AFTER VIA ETCH,BACKSIDE RINSE
valid_0087,HARD BAKE,DIELECTRIC ETCH VIA,VIA ETCH,VIA ETCH THROUGH DIELECTRIC,METAL ETCH
valid_0088,OPEN PAD WINDOW LITHO,PAD WINDOW LITHO,DEVELOP PAD WINDOW,SPIN COAT PHOTORESIST,EXPOSE LITHO LEVEL 2
valid_0089,CLEAN AFTER VIA ETCH,CLEAN AFTER POLY ETCH,CLEAN AFTER METAL ETCH,DEPOSIT METAL SEED,CLEAN PAD OPENING
valid_0090,STRIP PHOTORESIST,STRIP RESIST,CURE PASSIVATION,BACKSIDE METALLIZATION PREP,MEASURE LINE WIDTH
valid_0091,MEASURE VIA CD,DEPOSIT BARRIER METAL,MEASURE GATE CD,MEASURE OPENING CD,VIA INSPECTION
valid_0092,DEVELOP PHOTORESIST,DEVELOP PAD WINDOW,POST EXPOSE BAKE,OPEN PAD WINDOW LITHO,PAD WINDOW LITHO
valid_0093,STRIP PHOTORESIST,STRIP RESIST,DENSIFY DIELECTRIC,DEVELOP PHOTORESIST,DENSIFY OXIDE
valid_0094,STRIP PHOTORESIST,STRIP RESIST,CURE PASSIVATION,DEVELOP PHOTORESIST,BACKSIDE METALLIZATION PREP
valid_0095,MEASURE VIA CD,DEPOSIT BARRIER METAL,MEASURE OPENING CD,MEASURE GATE CD,VIA INSPECTION
valid_0096,STRIP RESIST,STRIP PHOTORESIST,DEVELOP PHOTORESIST,DEVELOP PAD WINDOW,PAD WINDOW LITHO
valid_0097,CLEAN AFTER VIA ETCH,CLEAN AFTER METAL ETCH,CLEAN AFTER POLY ETCH,CLEAN AFTER ETCH,CLEAN PAD OPENING
valid_0098,PASSIVATION ETCH,PASSIVATION ETCH PAD OPENING,DIELECTRIC ETCH VIA,VIA ETCH THROUGH DIELECTRIC,VIA ETCH
valid_0099,FILL VIA METAL,DEPOSIT METAL SEED,CMP METAL,CMP VIA FILL,ANNEAL METAL
valid_0100,CLEAN PAD OPENING,CLEAN AFTER ETCH,MEASURE PAD OPENING,CLEAN AFTER POLY ETCH,CLEAN AFTER VIA ETCH
valid_0101,CLEAN AFTER VIA ETCH,CLEAN AFTER METAL ETCH,CLEAN PAD OPENING,CLEAN AFTER POLY ETCH,CLEAN AFTER ETCH
valid_0102,STRIP PHOTORESIST,STRIP RESIST,DEVELOP PHOTORESIST,PASSIVATION ETCH PAD OPENING,DEVELOP PAD WINDOW
valid_0103,DEPOSIT BARRIER METAL,MEASURE VIA CD,IMPLANT LDD,SPIN COAT PHOTORESIST,DEPOSIT PASSIVATION
valid_0104,PASSIVATION ETCH,PASSIVATION ETCH PAD OPENING,CLEAN PAD OPENING,DIELECTRIC ETCH VIA,DEPOSIT PASSIVATION
valid_0105,DEPOSIT BARRIER METAL,MEASURE VIA CD,IMPLANT LDD,DEPOSIT METAL SEED,SPIN COAT PHOTORESIST
valid_0106,STRIP PHOTORESIST,STRIP RESIST,CURE PASSIVATION,MEASURE LINE WIDTH,BACKSIDE METALLIZATION PREP
valid_0107,DEPOSIT METAL SEED,FILL VIA METAL,POLYSILICON ANNEAL,ANNEAL METAL,ANNEAL METAL 1
valid_0108,PASSIVATION ETCH,PASSIVATION ETCH PAD OPENING,DIELECTRIC ETCH VIA,VIA ETCH THROUGH DIELECTRIC,DEPOSIT PASSIVATION LAYER
valid_0109,CLEAN AFTER VIA ETCH,CLEAN AFTER METAL ETCH,CLEAN AFTER POLY ETCH,CLEAN PAD OPENING,CLEAN AFTER ETCH
valid_0110,DEVELOP PAD WINDOW,DEVELOP PHOTORESIST,POST EXPOSE BAKE,PAD WINDOW LITHO,OPEN PAD WINDOW LITHO
valid_0111,CLEAN AFTER VIA ETCH,CLEAN AFTER POLY ETCH,CLEAN AFTER METAL ETCH,CLEAN AFTER ETCH,CLEAN PAD OPENING
valid_0112,STRIP PHOTORESIST,STRIP RESIST,BACKSIDE METALLIZATION PREP,DEVELOP PHOTORESIST,LEAKAGE TEST
valid_0113,MEASURE VIA CD,DEPOSIT BARRIER METAL,MEASURE GATE CD,MEASURE OPENING CD,CLEAN AFTER VIA ETCH
valid_0114,CLEAN PAD OPENING,CLEAN AFTER ETCH,MEASURE PAD OPENING,CLEAN AFTER VIA ETCH,CLEAN AFTER METAL ETCH
valid_0115,MEASURE VIA CD,DEPOSIT BARRIER METAL,MEASURE GATE CD,MEASURE OPENING CD,MEASURE DIELECTRIC THICKNESS
valid_0116,STRIP PHOTORESIST,STRIP RESIST,CURE PASSIVATION,BACKSIDE METALLIZATION PREP,MEASURE LINE WIDTH
valid_0117,CLEAN AFTER VIA ETCH,CLEAN AFTER METAL ETCH,CLEAN AFTER POLY ETCH,ALIGN MASK LEVEL 3,DEPOSIT METAL SEED
valid_0118,PASSIVATION ETCH,PASSIVATION ETCH PAD OPENING,DIELECTRIC ETCH VIA,VIA ETCH THROUGH DIELECTRIC,VIA ETCH
valid_0119,DEPOSIT BARRIER METAL,MEASURE VIA CD,EXPOSE LITHO LEVEL 3,DEPOSIT METAL SEED,IMPLANT LDD
valid_0120,CLEAN PAD OPENING,CLEAN AFTER ETCH,CLEAN AFTER VIA ETCH,CLEAN AFTER POLY ETCH,MEASURE PAD OPENING
valid_0121,MEASURE VIA CD,DEPOSIT BARRIER METAL,CLEAN AFTER VIA ETCH,MEASURE OPENING CD,VIA INSPECTION
valid_0122,PASSIVATION ETCH PAD OPENING,PASSIVATION ETCH,DIELECTRIC ETCH VIA,VIA ETCH THROUGH DIELECTRIC,DEPOSIT PASSIVATION LAYER
valid_0123,FILL VIA METAL,DEPOSIT METAL SEED,ANNEAL METAL,ANNEAL METAL 1,CMP METAL
valid_0124,CLEAN PAD OPENING,MEASURE PAD OPENING,CLEAN AFTER ETCH,CLEAN AFTER POLY ETCH,CLEAN AFTER VIA ETCH
valid_0125,MEASURE VIA CD,DEPOSIT BARRIER METAL,MEASURE GATE CD,DEPOSIT TOP METAL,DEPOSIT METAL 1
valid_0126,STRIP PHOTORESIST,STRIP RESIST,CURE PASSIVATION,BACKSIDE METALLIZATION PREP,DENSIFY DIELECTRIC
valid_0127,CLEAN AFTER VIA ETCH,CLEAN AFTER POLY ETCH,CLEAN AFTER METAL ETCH,DEPOSIT METAL SEED,ALIGN MASK LEVEL 3
valid_0128,STRIP RESIST,STRIP PHOTORESIST,DEVELOP PHOTORESIST,PAD WINDOW LITHO,DEVELOP PAD WINDOW
valid_0129,VIA ETCH,VIA ETCH THROUGH DIELECTRIC,DIELECTRIC ETCH VIA,HARD BAKE,VIA INSPECTION
valid_0130,DEVELOP PHOTORESIST,DEVELOP PAD WINDOW,POST EXPOSE BAKE,OPEN PAD WINDOW LITHO,PAD WINDOW LITHO
valid_0131,DEPOSIT METAL SEED,ANNEAL METAL,FILL VIA METAL,ANNEAL METAL 1,POLYSILICON ANNEAL
valid_0132,CLEAN PAD OPENING,MEASURE PAD OPENING,CLEAN AFTER ETCH,CLEAN AFTER VIA ETCH,BACKSIDE RINSE
valid_0133,DEPOSIT METAL SEED,FILL VIA METAL,ANNEAL METAL,ANNEAL METAL 1,POLYSILICON ANNEAL
valid_0134,CLEAN PAD OPENING,CLEAN AFTER ETCH,CLEAN AFTER POLY ETCH,MEASURE PAD OPENING,BACKSIDE RINSE
valid_0135,DEPOSIT METAL SEED,FILL VIA METAL,ANNEAL METAL,ANNEAL METAL 1,POLYSILICON ANNEAL
valid_0136,CLEAN PAD OPENING,MEASURE PAD OPENING,CLEAN AFTER ETCH,BACKSIDE RINSE,CLEAN AFTER VIA ETCH
valid_0137,MEASURE VIA CD,DEPOSIT BARRIER METAL,MEASURE GATE CD,MEASURE OPENING CD,VIA INSPECTION
valid_0138,PASSIVATION ETCH,PASSIVATION ETCH PAD OPENING,DIELECTRIC ETCH VIA,DEPOSIT PASSIVATION LAYER,DEPOSIT PASSIVATION
valid_0139,CLEAN AFTER VIA ETCH,CLEAN AFTER POLY ETCH,CLEAN PAD OPENING,CLEAN AFTER METAL ETCH,DEVELOP PHOTORESIST
valid_0140,STRIP PHOTORESIST,STRIP RESIST,CURE PASSIVATION,MEASURE LINE WIDTH,BACKSIDE METALLIZATION PREP
valid_0141,DEPOSIT BARRIER METAL,MEASURE VIA CD,DEPOSIT METAL SEED,SPIN COAT PHOTORESIST,EXPOSE LITHO LEVEL 3
valid_0142,STRIP PHOTORESIST,STRIP RESIST,DEVELOP PHOTORESIST,DENSIFY DIELECTRIC,BACKSIDE METALLIZATION PREP
valid_0143,DEPOSIT METAL SEED,ANNEAL METAL 1,ANNEAL METAL,FILL VIA METAL,DEPOSIT METAL 1
valid_0144,PASSIVATION ETCH PAD OPENING,PASSIVATION ETCH,CLEAN PAD OPENING,DIELECTRIC ETCH VIA,VIA ETCH THROUGH DIELECTRIC
valid_0145,MEASURE VIA CD,DEPOSIT BARRIER METAL,MEASURE OPENING CD,MEASURE GATE CD,CLEAN AFTER VIA ETCH
valid_0146,PASSIVATION ETCH PAD OPENING,PASSIVATION ETCH,CLEAN PAD OPENING,DIELECTRIC ETCH VIA,DEPOSIT PASSIVATION LAYER
valid_0147,MEASURE VIA CD,DEPOSIT BARRIER METAL,MEASURE GATE CD,MEASURE OPENING CD,VIA INSPECTION
valid_0148,STRIP PHOTORESIST,STRIP RESIST,CURE PASSIVATION,BACKSIDE METALLIZATION PREP,DENSIFY DIELECTRIC
valid_0149,MEASURE VIA CD,DEPOSIT BARRIER METAL,MEASURE GATE CD,MEASURE OPENING CD,DEPOSIT TOP METAL
valid_0150,STRIP PHOTORESIST,STRIP RESIST,LEAKAGE TEST,BACKSIDE RINSE,BACKSIDE METALLIZATION PREP
valid_0151,MEASURE VIA CD,DEPOSIT BARRIER METAL,MEASURE GATE CD,MEASURE OPENING CD,CMP METAL
valid_0152,DEVELOP PAD WINDOW,DEVELOP PHOTORESIST,POST EXPOSE BAKE,STRIP RESIST,STRIP PHOTORESIST
valid_0153,MEASURE VIA CD,DEPOSIT BARRIER METAL,MEASURE GATE CD,SPIN COAT PHOTORESIST,CLEAN AFTER VIA ETCH
valid_0154,DEVELOP PAD WINDOW,DEVELOP PHOTORESIST,POST EXPOSE BAKE,OPEN PAD WINDOW LITHO,PAD WINDOW LITHO
valid_0155,CLEAN AFTER VIA ETCH,CLEAN AFTER METAL ETCH,CLEAN AFTER POLY ETCH,CLEAN PAD OPENING,CLEAN AFTER ETCH
valid_0156,STRIP PHOTORESIST,STRIP RESIST,CURE PASSIVATION,BACKSIDE METALLIZATION PREP,MEASURE LINE WIDTH
valid_0157,DEPOSIT BARRIER METAL,MEASURE VIA CD,DEPOSIT PASSIVATION,DEPOSIT METAL SEED,DEPOSIT INTERLAYER DIELECTRIC
valid_0158,PASSIVATION ETCH PAD OPENING,PASSIVATION ETCH,DIELECTRIC ETCH VIA,VIA ETCH THROUGH DIELECTRIC,VIA ETCH
valid_0159,MEASURE VIA CD,DEPOSIT BARRIER METAL,MEASURE OPENING CD,VIA INSPECTION,MEASURE GATE CD
valid_0160,STRIP PHOTORESIST,STRIP RESIST,DEVELOP PHOTORESIST,BACKSIDE METALLIZATION PREP,CURE PASSIVATION
valid_0161,STRIP RESIST,STRIP PHOTORESIST,VIA ETCH,VIA ETCH THROUGH DIELECTRIC,DIELECTRIC ETCH VIA
valid_0162,DEVELOP PAD WINDOW,DEVELOP PHOTORESIST,POST EXPOSE BAKE,PAD WINDOW LITHO,OPEN PAD WINDOW LITHO
valid_0163,MEASURE VIA CD,DEPOSIT BARRIER METAL,MEASURE OPENING CD,MEASURE GATE CD,MEASURE LINE WIDTH
valid_0164,STRIP PHOTORESIST,STRIP RESIST,CURE PASSIVATION,BACKSIDE METALLIZATION PREP,DEVELOP PHOTORESIST
valid_0165,MEASURE VIA CD,DEPOSIT BARRIER METAL,MEASURE GATE CD,SPIN COAT PHOTORESIST,CMP METAL
valid_0166,STRIP PHOTORESIST,STRIP RESIST,DEVELOP PHOTORESIST,BACKSIDE METALLIZATION PREP,DEVELOP PAD WINDOW
valid_0167,DEPOSIT BARRIER METAL,MEASURE VIA CD,DEPOSIT PASSIVATION,IMPLANT LDD,DEPOSIT METAL SEED
valid_0168,CLEAN PAD OPENING,CLEAN AFTER ETCH,MEASURE PAD OPENING,PASSIVATION ETCH,BACKSIDE RINSE
valid_0169,STRIP PHOTORESIST,STRIP RESIST,DENSIFY DIELECTRIC,DENSIFY OXIDE,IMPLANT LDD
valid_0170,STRIP PHOTORESIST,STRIP RESIST,BACKSIDE METALLIZATION PREP,CURE PASSIVATION,DENSIFY DIELECTRIC
valid_0171,DEPOSIT METAL SEED,FILL VIA METAL,ANNEAL METAL,ANNEAL METAL 1,POLYSILICON ANNEAL
valid_0172,STRIP PHOTORESIST,STRIP RESIST,CURE PASSIVATION,BACKSIDE METALLIZATION PREP,DEVELOP PHOTORESIST
valid_0173,MEASURE VIA CD,DEPOSIT BARRIER METAL,MEASURE GATE CD,CLEAN AFTER VIA ETCH,VIA INSPECTION
valid_0174,PASSIVATION ETCH,PASSIVATION ETCH PAD OPENING,DIELECTRIC ETCH VIA,DEPOSIT PASSIVATION LAYER,DEPOSIT PASSIVATION
valid_0175,MEASURE VIA CD,DEPOSIT BARRIER METAL,CMP METAL,MEASURE GATE CD,MEASURE OPENING CD
valid_0176,STRIP RESIST,STRIP PHOTORESIST,DEVELOP PHOTORESIST,CURE PASSIVATION,DENSIFY DIELECTRIC
valid_0177,DEPOSIT METAL SEED,FILL VIA METAL,ANNEAL METAL,ANNEAL METAL 1,DEPOSIT METAL 1
valid_0178,STRIP PHOTORESIST,STRIP RESIST,MEASURE LINE WIDTH,DEVELOP PHOTORESIST,BACKSIDE METALLIZATION PREP
valid_0179,FILL VIA METAL,DEPOSIT METAL SEED,ANNEAL METAL,ANNEAL METAL 1,CMP METAL
valid_0180,MEASURE PAD OPENING,DEVELOP PHOTORESIST,BACKSIDE GRIND,DEVELOP PAD WINDOW,CLEAN PAD OPENING
valid_0181,STRIP PHOTORESIST,STRIP RESIST,DENSIFY OXIDE,DENSIFY DIELECTRIC,CURE PASSIVATION
valid_0182,DEVELOP PHOTORESIST,DEVELOP PAD WINDOW,POST EXPOSE BAKE,CLEAN PAD OPENING,PAD WINDOW LITHO
valid_0183,DEPOSIT BARRIER METAL,MEASURE VIA CD,DEPOSIT PASSIVATION,IMPLANT LDD,DEPOSIT PASSIVATION LAYER
valid_0184,STRIP PHOTORESIST,STRIP RESIST,BACKSIDE METALLIZATION PREP,PASSIVATION ETCH PAD OPENING,CURE PASSIVATION
valid_0185,DEPOSIT BARRIER METAL,MEASURE VIA CD,DEPOSIT METAL SEED,SPIN COAT PHOTORESIST,IMPLANT LDD
valid_0186,STRIP PHOTORESIST,STRIP RESIST,BACKSIDE METALLIZATION PREP,CURE PASSIVATION,DENSIFY DIELECTRIC
valid_0187,STRIP RESIST,STRIP PHOTORESIST,DENSIFY OXIDE,DENSIFY DIELECTRIC,VIA ETCH
valid_0188,STRIP PHOTORESIST,STRIP RESIST,DEVELOP PHOTORESIST,CURE PASSIVATION,DENSIFY DIELECTRIC
valid_0189,MEASURE VIA CD,DEPOSIT BARRIER METAL,MEASURE SPACER WIDTH,MEASURE GATE CD,MEASURE OPENING CD
valid_0190,PASSIVATION ETCH,PASSIVATION ETCH PAD OPENING,DIELECTRIC ETCH VIA,VIA ETCH THROUGH DIELECTRIC,VIA ETCH
valid_0191,VIA ETCH THROUGH DIELECTRIC,DIELECTRIC ETCH VIA,VIA ETCH,HARD BAKE,VIA INSPECTION
valid_0192,STRIP RESIST,STRIP PHOTORESIST,DEVELOP PHOTORESIST,DEVELOP PAD WINDOW,PAD WINDOW LITHO
valid_0193,CLEAN AFTER VIA ETCH,CLEAN AFTER POLY ETCH,CLEAN AFTER METAL ETCH,CLEAN AFTER ETCH,CLEAN PAD OPENING
valid_0194,PASSIVATION ETCH PAD OPENING,PASSIVATION ETCH,CLEAN PAD OPENING,DIELECTRIC ETCH VIA,VIA ETCH THROUGH DIELECTRIC
valid_0195,MEASURE VIA CD,DEPOSIT BARRIER METAL,MEASURE GATE CD,MEASURE DIELECTRIC THICKNESS,MEASURE FILM THICKNESS
valid_0196,CLEAN PAD OPENING,CLEAN AFTER ETCH,CLEAN AFTER VIA ETCH,CLEAN AFTER METAL ETCH,CLEAN AFTER POLY ETCH
valid_0197,STRIP PHOTORESIST,STRIP RESIST,DEVELOP PHOTORESIST,DENSIFY OXIDE,DENSIFY DIELECTRIC
valid_0198,STRIP PHOTORESIST,STRIP RESIST,DEVELOP PHOTORESIST,CURE PASSIVATION,BACKSIDE METALLIZATION PREP
valid_0199,MEASURE VIA CD,DEPOSIT BARRIER METAL,MEASURE GATE CD,MEASURE OPENING CD,DEPOSIT TOP METAL
valid_0200,STRIP PHOTORESIST,STRIP RESIST,CURE PASSIVATION,BACKSIDE METALLIZATION PREP,DEVELOP PHOTORESIST
valid_0201,CMP INTERLAYER DIELECTRIC,CMP DIELECTRIC,CMP METAL,MEASURE DIELECTRIC THICKNESS,CMP VIA FILL
valid_0202,DEPOSIT PASSIVATION LAYER,DEPOSIT PASSIVATION,MEASURE LINE WIDTH,DEPOSIT INTERLAYER DIELECTRIC,DEPOSIT INTERLEVEL DIELECTRIC
valid_0203,SPIN COAT PHOTORESIST,MEASURE METAL THICKNESS,MEASURE POLY THICKNESS,DEPOSIT BARRIER METAL,EXPOSE LITHO LEVEL 5
valid_0204,DEPOSIT PASSIVATION LAYER,DEPOSIT PASSIVATION,MEASURE LINE WIDTH,DEPOSIT TOP METAL,DEPOSIT METAL 1
valid_0205,SPIN COAT PHOTORESIST,MEASURE POLY THICKNESS,EXPOSE LITHO LEVEL 5,DEPOSIT BARRIER METAL,MEASURE METAL THICKNESS
valid_0206,CURE PASSIVATION,CLEAN AFTER METAL ETCH,FINAL CLEAN,ANNEAL METAL 1,BACKSIDE METALLIZATION PREP
valid_0207,CMP DIELECTRIC,CMP INTERLAYER DIELECTRIC,HARD BAKE,DIELECTRIC ETCH VIA,DENSIFY DIELECTRIC
valid_0208,DEPOSIT PASSIVATION LAYER,DEPOSIT PASSIVATION,MEASURE LINE WIDTH,DEPOSIT INTERLAYER DIELECTRIC,DEPOSIT INTERLEVEL DIELECTRIC
valid_0209,CMP INTERLAYER DIELECTRIC,CMP DIELECTRIC,CMP METAL,BACKSIDE ETCH CLEAN,CMP VIA FILL
valid_0210,DEPOSIT PASSIVATION LAYER,DEPOSIT PASSIVATION,DEPOSIT INTERLAYER DIELECTRIC,MEASURE LINE WIDTH,DEPOSIT INTERLEVEL DIELECTRIC
valid_0211,MEASURE PLANARITY,MEASURE SURFACE PLANARITY,MEASURE SURFACE UNIFORMITY,CMP INTERLAYER DIELECTRIC,CMP DIELECTRIC
valid_0212,DEPOSIT PASSIVATION LAYER,DEPOSIT PASSIVATION,MEASURE LINE WIDTH,DEPOSIT TOP METAL,DEPOSIT METAL 1
valid_0213,SPIN COAT PHOTORESIST,MEASURE POLY THICKNESS,EXPOSE LITHO LEVEL 5,IMPLANT SOURCE REGION,MEASURE METAL THICKNESS
valid_0214,CURE PASSIVATION,CLEAN AFTER METAL ETCH,BACKSIDE METALLIZATION PREP,ANNEAL DIELECTRIC,FINAL CLEAN
valid_0215,MEASURE SURFACE PLANARITY,MEASURE PLANARITY,MEASURE SURFACE UNIFORMITY,CMP INTERLAYER DIELECTRIC,SPIN COAT PHOTORESIST
valid_0216,MEASURE PASSIVATION QUALITY,MEASURE PASSIVATION THICKNESS,MEASURE FILM THICKNESS,DEPOSIT PASSIVATION LAYER,CURE PASSIVATION
valid_0217,CMP INTERLAYER DIELECTRIC,CMP DIELECTRIC,HARD BAKE,DIELECTRIC ETCH VIA,CMP METAL
valid_0218,MEASURE LINE WIDTH,DEPOSIT PASSIVATION LAYER,DEPOSIT PASSIVATION,MEASURE PASSIVATION THICKNESS,MEASURE PASSIVATION QUALITY
valid_0219,SOFT BAKE,MEASURE BACKSIDE CONTACT,ALIGN MASK LEVEL 5,EXPOSE LITHO LEVEL 4,CLEAN AFTER POLY ETCH
valid_0220,MEASURE PASSIVATION QUALITY,MEASURE PASSIVATION THICKNESS,CURE PASSIVATION,DEPOSIT PASSIVATION LAYER,MEASURE FILM THICKNESS
valid_0221,MEASURE PLANARITY,MEASURE SURFACE PLANARITY,MEASURE SURFACE UNIFORMITY,PRE ANNEAL CHECK,MEASURE SURFACE PARTICLES
valid_0222,MEASURE PASSIVATION THICKNESS,MEASURE PASSIVATION QUALITY,DEPOSIT PASSIVATION LAYER,DEPOSIT PASSIVATION,CURE PASSIVATION
valid_0223,MEASURE SURFACE PLANARITY,MEASURE PLANARITY,MEASURE SURFACE UNIFORMITY,CMP INTERLAYER DIELECTRIC,CMP DIELECTRIC
valid_0224,CURE PASSIVATION,ANNEAL DIELECTRIC,MEASURE PASSIVATION THICKNESS,CLEAN AFTER METAL ETCH,BACKSIDE METALLIZATION PREP
valid_0225,SPIN COAT PHOTORESIST,MEASURE POLY THICKNESS,CMP INTERLAYER DIELECTRIC,CMP DIELECTRIC,DEPOSIT BARRIER METAL
valid_0226,CURE PASSIVATION,BACKSIDE METALLIZATION PREP,MEASURE PASSIVATION THICKNESS,ANNEAL DIELECTRIC,MEASURE PASSIVATION QUALITY
valid_0227,MEASURE FILM THICKNESS,MEASURE DIELECTRIC THICKNESS,MEASURE OXIDE THICKNESS,SPIN COAT PHOTORESIST,MEASURE POLY THICKNESS
valid_0228,DEPOSIT PASSIVATION LAYER,DEPOSIT PASSIVATION,MEASURE LINE WIDTH,DEPOSIT TOP METAL,DEPOSIT INTERLAYER DIELECTRIC
valid_0229,SPIN COAT PHOTORESIST,MEASURE POLY THICKNESS,EXPOSE LITHO LEVEL 5,MEASURE METAL THICKNESS,DEPOSIT BARRIER METAL
valid_0230,CURE PASSIVATION,ANNEAL METAL 1,ANNEAL METAL,CLEAN AFTER METAL ETCH,ANNEAL DIELECTRIC
valid_0231,DENSIFY OXIDE,DENSIFY DIELECTRIC,ANNEAL METAL,ANNEAL METAL 1,ANNEAL DIELECTRIC
valid_0232,MEASURE LINE WIDTH,DEPOSIT PASSIVATION,DEPOSIT PASSIVATION LAYER,MEASURE OPENING CD,MEASURE VIA CD
valid_0233,SOFT BAKE,EXPOSE LITHO LEVEL 4,MEASURE BACKSIDE CONTACT,ALIGN MASK LEVEL 5,CURE PASSIVATION
valid_0234,CURE PASSIVATION,CLEAN AFTER METAL ETCH,FINAL CLEAN,BACKSIDE METALLIZATION PREP,CLEAN PAD OPENING
valid_0235,CMP INTERLAYER DIELECTRIC,CMP DIELECTRIC,CMP METAL,CMP VIA FILL,MEASURE DIELECTRIC THICKNESS
valid_0236,MEASURE LINE WIDTH,DEPOSIT PASSIVATION LAYER,DEPOSIT PASSIVATION,MEASURE VIA CD,MEASURE GATE CD
valid_0237,SPIN COAT PHOTORESIST,MEASURE POLY THICKNESS,MEASURE METAL THICKNESS,EXPOSE LITHO LEVEL 5,DEPOSIT BARRIER METAL
valid_0238,CURE PASSIVATION,CLEAN AFTER METAL ETCH,ANNEAL METAL 1,ANNEAL METAL,CLEAN PAD OPENING
valid_0239,MEASURE SURFACE PLANARITY,MEASURE PLANARITY,MEASURE SURFACE UNIFORMITY,MEASURE SURFACE PARTICLES,CMP INTERLAYER DIELECTRIC
valid_0240,CURE PASSIVATION,BACKSIDE METALLIZATION PREP,STRIP RESIST,STRIP PHOTORESIST,ANNEAL DIELECTRIC
valid_0241,MEASURE FILM THICKNESS,MEASURE DIELECTRIC THICKNESS,MEASURE OXIDE THICKNESS,SPIN COAT PHOTORESIST,CMP INTERLAYER DIELECTRIC
valid_0242,CURE PASSIVATION,ANNEAL DIELECTRIC,BACKSIDE METALLIZATION PREP,BACKSIDE ANNEAL,DENSIFY DIELECTRIC
valid_0243,CMP INTERLAYER DIELECTRIC,CMP DIELECTRIC,CMP METAL,CMP VIA FILL,HARD BAKE
valid_0244,MEASURE LINE WIDTH,DEPOSIT PASSIVATION LAYER,DEPOSIT PASSIVATION,DEPOSIT METAL 1,MEASURE VIA CD
valid_0245,SPIN COAT PHOTORESIST,MEASURE POLY THICKNESS,IMPLANT SOURCE REGION,MEASURE METAL THICKNESS,DEPOSIT BARRIER METAL
valid_0246,MEASURE PASSIVATION QUALITY,MEASURE PASSIVATION THICKNESS,DEPOSIT PASSIVATION LAYER,MEASURE FILM THICKNESS,DEPOSIT PASSIVATION
valid_0247,SPIN COAT PHOTORESIST,IMPLANT SOURCE REGION,DEPOSIT BARRIER METAL,EXPOSE LITHO LEVEL 5,MEASURE POLY THICKNESS
valid_0248,CURE PASSIVATION,DENSIFY DIELECTRIC,ANNEAL METAL 1,BACKSIDE ANNEAL,ANNEAL DIELECTRIC
valid_0249,SOFT BAKE,MEASURE BACKSIDE CONTACT,ALIGN MASK LEVEL 5,EXPOSE LITHO LEVEL 4,EXPOSE LITHO LEVEL 5
valid_0250,CURE PASSIVATION,BACKSIDE ANNEAL,ANNEAL METAL 1,ANNEAL METAL,MEASURE PASSIVATION QUALITY
valid_0251,MEASURE SURFACE PLANARITY,MEASURE PLANARITY,MEASURE SURFACE UNIFORMITY,MEASURE POLY THICKNESS,PRE ANNEAL CHECK
valid_0252,MEASURE PASSIVATION QUALITY,MEASURE PASSIVATION THICKNESS,DEPOSIT PASSIVATION LAYER,DEPOSIT PASSIVATION,CURE PASSIVATION
valid_0253,SPIN COAT PHOTORESIST,IMPLANT SOURCE REGION,EXPOSE LITHO LEVEL 5,MEASURE POLY THICKNESS,DEPOSIT BARRIER METAL
valid_0254,MEASURE PASSIVATION THICKNESS,MEASURE PASSIVATION QUALITY,DEPOSIT PASSIVATION LAYER,MEASURE FILM THICKNESS,DEPOSIT PASSIVATION
valid_0255,MEASURE PLANARITY,MEASURE SURFACE PLANARITY,MEASURE SURFACE UNIFORMITY,CMP INTERLAYER DIELECTRIC,CMP DIELECTRIC
valid_0256,MEASURE PASSIVATION QUALITY,MEASURE PASSIVATION THICKNESS,DEPOSIT PASSIVATION LAYER,MEASURE FILM THICKNESS,DEPOSIT PASSIVATION
valid_0257,SPIN COAT PHOTORESIST,IMPLANT SOURCE REGION,DEPOSIT BARRIER METAL,MEASURE METAL THICKNESS,EXPOSE LITHO LEVEL 5
valid_0258,CURE PASSIVATION,CLEAN PAD OPENING,STRIP RESIST,CLEAN AFTER METAL ETCH,STRIP PHOTORESIST
valid_0259,MEASURE SURFACE PLANARITY,MEASURE PLANARITY,MEASURE SURFACE UNIFORMITY,CMP INTERLAYER DIELECTRIC,CMP DIELECTRIC
valid_0260,CURE PASSIVATION,ANNEAL DIELECTRIC,BACKSIDE METALLIZATION PREP,CLEAN AFTER METAL ETCH,BACKSIDE ANNEAL
valid_0261,MEASURE PLANARITY,MEASURE SURFACE PLANARITY,MEASURE SURFACE UNIFORMITY,CMP INTERLAYER DIELECTRIC,CMP DIELECTRIC
valid_0262,CURE PASSIVATION,CLEAN AFTER METAL ETCH,CLEAN PAD OPENING,FINAL CLEAN,MEASURE PASSIVATION THICKNESS
valid_0263,CMP INTERLAYER DIELECTRIC,CMP DIELECTRIC,CMP METAL,CMP VIA FILL,MEASURE DIELECTRIC THICKNESS
valid_0264,CURE PASSIVATION,BACKSIDE ANNEAL,ANNEAL METAL 1,BACKSIDE METALLIZATION PREP,ANNEAL METAL
valid_0265,MEASURE FILM THICKNESS,MEASURE DIELECTRIC THICKNESS,MEASURE OXIDE THICKNESS,SPIN COAT PHOTORESIST,MEASURE PASSIVATION THICKNESS
valid_0266,CURE PASSIVATION,MEASURE PASSIVATION THICKNESS,MEASURE PASSIVATION QUALITY,CLEAN AFTER METAL ETCH,FINAL CLEAN
valid_0267,SOFT BAKE,EXPOSE LITHO LEVEL 4,ALIGN MASK LEVEL 5,MEASURE BACKSIDE CONTACT,EXPOSE LITHO LEVEL 5
valid_0268,CURE PASSIVATION,BACKSIDE METALLIZATION PREP,ANNEAL DIELECTRIC,DENSIFY DIELECTRIC,CLEAN AFTER METAL ETCH
valid_0269,SPIN COAT PHOTORESIST,MEASURE METAL THICKNESS,MEASURE POLY THICKNESS,EXPOSE LITHO LEVEL 5,MEASURE PLANARITY
valid_0270,MEASURE PASSIVATION THICKNESS,MEASURE PASSIVATION QUALITY,DEPOSIT PASSIVATION LAYER,MEASURE FILM THICKNESS,CURE PASSIVATION
valid_0271,MEASURE SURFACE PLANARITY,MEASURE PLANARITY,MEASURE SURFACE UNIFORMITY,CMP INTERLAYER DIELECTRIC,MEASURE POLY THICKNESS
valid_0272,CURE PASSIVATION,CLEAN AFTER METAL ETCH,CLEAN PAD OPENING,ANNEAL METAL 1,ANNEAL DIELECTRIC
valid_0273,MEASURE FILM THICKNESS,MEASURE DIELECTRIC THICKNESS,MEASURE OXIDE THICKNESS,SPIN COAT PHOTORESIST,CMP INTERLAYER DIELECTRIC
valid_0274,DEPOSIT PASSIVATION LAYER,DEPOSIT PASSIVATION,DEPOSIT INTERLAYER DIELECTRIC,DEPOSIT INTERLEVEL DIELECTRIC,MEASURE LINE WIDTH
valid_0275,SPIN COAT PHOTORESIST,MEASURE METAL THICKNESS,MEASURE POLY THICKNESS,EXPOSE LITHO LEVEL 5,IMPLANT SOURCE REGION
valid_0276,CURE PASSIVATION,BACKSIDE METALLIZATION PREP,ANNEAL DIELECTRIC,CLEAN AFTER METAL ETCH,MEASURE PASSIVATION THICKNESS
valid_0277,SPIN COAT PHOTORESIST,IMPLANT SOURCE REGION,EXPOSE LITHO LEVEL 5,MEASURE POLY THICKNESS,DEPOSIT BARRIER METAL
valid_0278,MEASURE PASSIVATION THICKNESS,MEASURE PASSIVATION QUALITY,DEPOSIT PASSIVATION LAYER,MEASURE FILM THICKNESS,DEPOSIT PASSIVATION
valid_0279,SPIN COAT PHOTORESIST,MEASURE POLY THICKNESS,MEASURE METAL THICKNESS,CMP INTERLAYER DIELECTRIC,CMP DIELECTRIC
valid_0280,CURE PASSIVATION,POLYSILICON ANNEAL,ANNEAL METAL 1,ANNEAL METAL,BACKSIDE ANNEAL
valid_0281,DENSIFY DIELECTRIC,DENSIFY OXIDE,ANNEAL METAL,CURE PASSIVATION,ANNEAL METAL 1
valid_0282,CLEAN AFTER METAL ETCH,CURE PASSIVATION,CLEAN AFTER VIA ETCH,FINAL CLEAN,CLEAN PAD OPENING
valid_0283,MEASURE SURFACE PLANARITY,MEASURE PLANARITY,MEASURE SURFACE UNIFORMITY,CMP INTERLAYER DIELECTRIC,MEASURE SURFACE PARTICLES
valid_0284,CURE PASSIVATION,CLEAN PAD OPENING,CLEAN AFTER METAL ETCH,FINAL CLEAN,MEASURE PASSIVATION QUALITY
valid_0285,MEASURE FILM THICKNESS,MEASURE DIELECTRIC THICKNESS,SPIN COAT PHOTORESIST,MEASURE OXIDE THICKNESS,MEASURE PASSIVATION THICKNESS
valid_0286,DEPOSIT PASSIVATION LAYER,DEPOSIT PASSIVATION,DEPOSIT INTERLAYER DIELECTRIC,DEPOSIT TOP METAL,DEPOSIT INTERLEVEL DIELECTRIC
valid_0287,EXPOSE LITHO LEVEL 5,EXPOSE LITHO LEVEL 4,EXPOSE LITHO LEVEL 6,EXPOSE LITHO LEVEL 3,SPIN COAT PHOTORESIST
valid_0288,MEASURE PASSIVATION THICKNESS,MEASURE PASSIVATION QUALITY,MEASURE FILM THICKNESS,DEPOSIT PASSIVATION LAYER,MEASURE OXIDE QUALITY
valid_0289,SPIN COAT PHOTORESIST,DEPOSIT BARRIER METAL,IMPLANT SOURCE REGION,MEASURE POLY THICKNESS,MEASURE METAL THICKNESS
valid_0290,DEPOSIT PASSIVATION LAYER,DEPOSIT PASSIVATION,DEPOSIT INTERLAYER DIELECTRIC,DEPOSIT INTERLEVEL DIELECTRIC,DEPOSIT TOP METAL
valid_0291,SPIN COAT PHOTORESIST,MEASURE METAL THICKNESS,MEASURE POLY THICKNESS,EXPOSE LITHO LEVEL 5,DEPOSIT BARRIER METAL
valid_0292,CURE PASSIVATION,CLEAN AFTER METAL ETCH,BACKSIDE METALLIZATION PREP,ANNEAL DIELECTRIC,MEASURE PASSIVATION THICKNESS
valid_0293,SPIN COAT PHOTORESIST,MEASURE METAL THICKNESS,MEASURE POLY THICKNESS,CMP INTERLAYER DIELECTRIC,CMP DIELECTRIC
valid_0294,DEPOSIT PASSIVATION,DEPOSIT PASSIVATION LAYER,DEPOSIT INTERLAYER DIELECTRIC,DEPOSIT TOP METAL,DEPOSIT INTERLEVEL DIELECTRIC
valid_0295,MEASURE SURFACE PLANARITY,MEASURE PLANARITY,CMP INTERLAYER DIELECTRIC,CMP DIELECTRIC,MEASURE SURFACE UNIFORMITY
valid_0296,CURE PASSIVATION,ANNEAL METAL 1,BACKSIDE ANNEAL,ANNEAL METAL,POLYSILICON ANNEAL
valid_0297,MEASURE FILM THICKNESS,MEASURE DIELECTRIC THICKNESS,SPIN COAT PHOTORESIST,MEASURE OXIDE THICKNESS,MEASURE PASSIVATION THICKNESS
valid_0298,MEASURE LINE WIDTH,DEPOSIT PASSIVATION LAYER,DEPOSIT PASSIVATION,MEASURE PASSIVATION THICKNESS,MEASURE PASSIVATION QUALITY
valid_0299,MEASURE SURFACE PLANARITY,MEASURE PLANARITY,CMP INTERLAYER DIELECTRIC,MEASURE SURFACE UNIFORMITY,CMP DIELECTRIC
valid_0300,CURE PASSIVATION,CLEAN AFTER METAL ETCH,BACKSIDE METALLIZATION PREP,CLEAN PAD OPENING,FINAL CLEAN
valid_0301,MEASURE SURFACE PLANARITY,MEASURE PLANARITY,CMP INTERLAYER DIELECTRIC,CMP DIELECTRIC,MEASURE SURFACE UNIFORMITY
valid_0302,CURE PASSIVATION,BACKSIDE ANNEAL,ANNEAL METAL 1,ANNEAL METAL,ANNEAL DIELECTRIC
valid_0303,MEASURE DIELECTRIC THICKNESS,MEASURE FILM THICKNESS,MEASURE OXIDE THICKNESS,MEASURE PASSIVATION THICKNESS,SPIN COAT PHOTORESIST
valid_0304,MEASURE LINE WIDTH,DEPOSIT PASSIVATION,DEPOSIT PASSIVATION LAYER,MEASURE VIA CD,MEASURE OPENING CD
valid_0305,SPIN COAT PHOTORESIST,DEPOSIT BARRIER METAL,IMPLANT SOURCE REGION,MEASURE POLY THICKNESS,MEASURE METAL THICKNESS
valid_0306,MEASURE PASSIVATION QUALITY,MEASURE PASSIVATION THICKNESS,CURE PASSIVATION,DEPOSIT PASSIVATION LAYER,MEASURE FILM THICKNESS
valid_0307,MEASURE SURFACE PLANARITY,MEASURE PLANARITY,CMP INTERLAYER DIELECTRIC,CMP DIELECTRIC,MEASURE SURFACE UNIFORMITY
valid_0308,CURE PASSIVATION,BACKSIDE METALLIZATION PREP,MEASURE PASSIVATION THICKNESS,MEASURE PASSIVATION QUALITY,ANNEAL DIELECTRIC
valid_0309,SPIN COAT PHOTORESIST,DEPOSIT BARRIER METAL,IMPLANT SOURCE REGION,MEASURE METAL THICKNESS,MEASURE POLY THICKNESS
valid_0310,CURE PASSIVATION,BACKSIDE ANNEAL,ANNEAL METAL 1,ANNEAL METAL,ANNEAL DIELECTRIC
valid_0311,MEASURE SURFACE PLANARITY,MEASURE PLANARITY,CMP INTERLAYER DIELECTRIC,MEASURE SURFACE UNIFORMITY,CMP DIELECTRIC
valid_0312,CURE PASSIVATION,BACKSIDE ANNEAL,POLYSILICON ANNEAL,ANNEAL METAL 1,ANNEAL METAL
valid_0313,CMP DIELECTRIC,CMP INTERLAYER DIELECTRIC,BACKSIDE ETCH CLEAN,MEASURE PLANARITY,MEASURE SURFACE PLANARITY
valid_0314,DEPOSIT PASSIVATION LAYER,DEPOSIT PASSIVATION,MEASURE LINE WIDTH,PASSIVATION ETCH,DEPOSIT INTERLAYER DIELECTRIC
valid_0315,SPIN COAT PHOTORESIST,MEASURE METAL THICKNESS,MEASURE POLY THICKNESS,EXPOSE LITHO LEVEL 5,IMPLANT SOURCE REGION
valid_0316,MEASURE LINE WIDTH,DEPOSIT PASSIVATION LAYER,DEPOSIT PASSIVATION,MEASURE PASSIVATION THICKNESS,MEASURE GATE CD
valid_0317,MEASURE FILM THICKNESS,MEASURE DIELECTRIC THICKNESS,MEASURE OXIDE THICKNESS,SPIN COAT PHOTORESIST,CMP INTERLAYER DIELECTRIC
valid_0318,MEASURE PASSIVATION QUALITY,MEASURE PASSIVATION THICKNESS,MEASURE FILM THICKNESS,DEPOSIT PASSIVATION LAYER,DEPOSIT PASSIVATION
valid_0319,MEASURE PLANARITY,MEASURE SURFACE PLANARITY,MEASURE SURFACE UNIFORMITY,CMP INTERLAYER DIELECTRIC,CMP DIELECTRIC
valid_0320,CURE PASSIVATION,ANNEAL DIELECTRIC,DENSIFY DIELECTRIC,BACKSIDE ANNEAL,DENSIFY OXIDE
valid_0321,SPIN COAT PHOTORESIST,IMPLANT SOURCE REGION,MEASURE POLY THICKNESS,DEPOSIT BARRIER METAL,EXPOSE LITHO LEVEL 5
valid_0322,CURE PASSIVATION,ANNEAL DIELECTRIC,BACKSIDE ANNEAL,BACKSIDE METALLIZATION PREP,ANNEAL METAL 1
valid_0323,SOFT BAKE,EXPOSE LITHO LEVEL 4,ALIGN MASK LEVEL 5,MEASURE BACKSIDE CONTACT,EXPOSE LITHO LEVEL 5
valid_0324,OPEN BOND PAD WINDOW,OPEN PAD WINDOW,OPEN PAD WINDOW LITHO,DEVELOP PAD WINDOW,PAD WINDOW LITHO
valid_0325,CMP INTERLAYER DIELECTRIC,CMP DIELECTRIC,CMP METAL,CMP VIA FILL,DENSIFY OXIDE
valid_0326,DEPOSIT PASSIVATION,DEPOSIT PASSIVATION LAYER,DEPOSIT INTERLAYER DIELECTRIC,DEPOSIT INTERLEVEL DIELECTRIC,DEPOSIT FIELD OXIDE
valid_0327,SPIN COAT PHOTORESIST,EXPOSE LITHO LEVEL 5,MEASURE POLY THICKNESS,MEASURE METAL THICKNESS,IMPLANT SOURCE REGION
valid_0328,CURE PASSIVATION,BACKSIDE ANNEAL,ANNEAL DIELECTRIC,DENSIFY DIELECTRIC,DENSIFY OXIDE
valid_0329,MEASURE PLANARITY,MEASURE SURFACE PLANARITY,MEASURE SURFACE UNIFORMITY,MEASURE SURFACE PARTICLES,MEASURE POLY THICKNESS
valid_0330,MEASURE PASSIVATION QUALITY,MEASURE PASSIVATION THICKNESS,DEPOSIT PASSIVATION LAYER,CURE PASSIVATION,DEPOSIT PASSIVATION
valid_0331,MEASURE PLANARITY,MEASURE SURFACE PLANARITY,PRE ANNEAL CHECK,RAPID THERMAL ANNEAL,MEASURE SURFACE UNIFORMITY
valid_0332,CURE PASSIVATION,ANNEAL METAL 1,ANNEAL METAL,BACKSIDE ANNEAL,ANNEAL DIELECTRIC
valid_0333,DENSIFY DIELECTRIC,DENSIFY OXIDE,STRIP RESIST,DEPOSIT INTERLAYER DIELECTRIC,DEPOSIT INTERLEVEL DIELECTRIC
valid_0334,MEASURE LINE WIDTH,DEPOSIT PASSIVATION LAYER,DEPOSIT PASSIVATION,MEASURE PASSIVATION THICKNESS,MEASURE PASSIVATION QUALITY
valid_0335,CMP INTERLAYER DIELECTRIC,CMP DIELECTRIC,CMP METAL,SPIN COAT PHOTORESIST,CMP VIA FILL
valid_0336,MEASURE PASSIVATION THICKNESS,MEASURE PASSIVATION QUALITY,DEPOSIT PASSIVATION LAYER,MEASURE FILM THICKNESS,DEPOSIT PASSIVATION
valid_0337,CMP INTERLAYER DIELECTRIC,CMP DIELECTRIC,CMP METAL,CMP VIA FILL,HARD BAKE
valid_0338,DEPOSIT PASSIVATION LAYER,DEPOSIT PASSIVATION,MEASURE LINE WIDTH,DEPOSIT TOP METAL,DEPOSIT METAL 1
valid_0339,SOFT BAKE,ALIGN MASK LEVEL 5,MEASURE BACKSIDE CONTACT,EXPOSE LITHO LEVEL 4,CURE PASSIVATION
valid_0340,CURE PASSIVATION,ANNEAL METAL 1,ANNEAL METAL,BACKSIDE ANNEAL,CLEAN AFTER METAL ETCH
valid_0341,SPIN COAT PHOTORESIST,MEASURE POLY THICKNESS,DEPOSIT BARRIER METAL,CMP INTERLAYER DIELECTRIC,CMP DIELECTRIC
valid_0342,OPEN BOND PAD WINDOW,OPEN PAD WINDOW,CURE PASSIVATION,FINAL CLEAN,OPEN PAD WINDOW LITHO
valid_0343,SPIN COAT PHOTORESIST,MEASURE POLY THICKNESS,MEASURE METAL THICKNESS,CMP DIELECTRIC,CMP INTERLAYER DIELECTRIC
valid_0344,MEASURE PASSIVATION THICKNESS,MEASURE PASSIVATION QUALITY,DEPOSIT PASSIVATION LAYER,CURE PASSIVATION,DEPOSIT PASSIVATION
valid_0345,SPIN COAT PHOTORESIST,MEASURE METAL THICKNESS,MEASURE POLY THICKNESS,DEPOSIT BARRIER METAL,EXPOSE LITHO LEVEL 5
valid_0346,MEASURE PASSIVATION QUALITY,MEASURE PASSIVATION THICKNESS,DEPOSIT PASSIVATION LAYER,CURE PASSIVATION,MEASURE OXIDE QUALITY
valid_0347,CMP INTERLAYER DIELECTRIC,CMP DIELECTRIC,SPIN COAT PHOTORESIST,CMP METAL,MEASURE PLANARITY
valid_0348,DEPOSIT PASSIVATION,DEPOSIT PASSIVATION LAYER,DEPOSIT BARRIER METAL,DEPOSIT METAL 1,DEPOSIT INTERLAYER DIELECTRIC
valid_0349,DEPOSIT INTERLEVEL DIELECTRIC,DEPOSIT INTERLAYER DIELECTRIC,MEASURE DEVICE PARAMETER,DEPOSIT TOP METAL,DEPOSIT FIELD OXIDE
valid_0350,CLEAN AFTER METAL ETCH,CLEAN PAD OPENING,CLEAN AFTER FIELD ETCH,CURE PASSIVATION,CLEAN AFTER OXIDE ETCH
valid_0351,CMP INTERLAYER DIELECTRIC,CMP DIELECTRIC,CMP METAL,MEASURE PLANARITY,DEPOSIT INTERLEVEL DIELECTRIC
valid_0352,DEPOSIT PASSIVATION,DEPOSIT PASSIVATION LAYER,MEASURE LINE WIDTH,PASSIVATION ETCH,DEPOSIT TOP METAL
valid_0353,ALIGN MASK LEVEL 5,ALIGN MASK LEVEL 6,DEPOSIT INTERLEVEL DIELECTRIC,MEASURE DEVICE PARAMETER,DEPOSIT INTERLAYER DIELECTRIC
valid_0354,CURE PASSIVATION,FINAL CLEAN,BACKSIDE ANNEAL,ANNEAL METAL 1,CLEAN AFTER METAL ETCH
valid_0355,SPIN COAT PHOTORESIST,MEASURE POLY THICKNESS,IMPLANT SOURCE REGION,DEPOSIT BARRIER METAL,MEASURE METAL THICKNESS
valid_0356,MEASURE LINE WIDTH,DEPOSIT PASSIVATION LAYER,DEPOSIT PASSIVATION,MEASURE VIA CD,PASSIVATION ETCH
valid_0357,MEASURE SURFACE PLANARITY,MEASURE PLANARITY,MEASURE SURFACE UNIFORMITY,CMP INTERLAYER DIELECTRIC,MEASURE SURFACE PARTICLES
valid_0358,CURE PASSIVATION,BACKSIDE METALLIZATION PREP,ANNEAL DIELECTRIC,CLEAN AFTER METAL ETCH,DENSIFY DIELECTRIC
valid_0359,SPIN COAT PHOTORESIST,MEASURE METAL THICKNESS,MEASURE POLY THICKNESS,CMP DIELECTRIC,CMP INTERLAYER DIELECTRIC
valid_0360,CURE PASSIVATION,BACKSIDE ANNEAL,POLYSILICON ANNEAL,DENSIFY DIELECTRIC,DENSIFY OXIDE
valid_0361,SPIN COAT PHOTORESIST,MEASURE POLY THICKNESS,MEASURE METAL THICKNESS,IMPLANT SOURCE REGION,DEPOSIT BARRIER METAL
valid_0362,CURE PASSIVATION,ANNEAL METAL 1,ANNEAL METAL,BACKSIDE ANNEAL,DENSIFY DIELECTRIC
valid_0363,MEASURE FILM THICKNESS,MEASURE DIELECTRIC THICKNESS,MEASURE OXIDE THICKNESS,SPIN COAT PHOTORESIST,MEASURE POLY THICKNESS
valid_0364,MEASURE LINE WIDTH,DEPOSIT PASSIVATION LAYER,DEPOSIT PASSIVATION,PASSIVATION ETCH,MEASURE PASSIVATION THICKNESS
valid_0365,ALIGN MASK LEVEL 5,ALIGN MASK LEVEL 6,ALIGN MASK LEVEL 3,CLEAN AFTER VIA ETCH,MEASURE DIELECTRIC THICKNESS
valid_0366,DEPOSIT PASSIVATION,DEPOSIT PASSIVATION LAYER,DEPOSIT INTERLAYER DIELECTRIC,DEPOSIT INTERLEVEL DIELECTRIC,DEPOSIT TOP METAL
valid_0367,MEASURE SURFACE PLANARITY,MEASURE PLANARITY,MEASURE POLY THICKNESS,MEASURE SURFACE UNIFORMITY,CMP INTERLAYER DIELECTRIC
valid_0368,MEASURE PASSIVATION THICKNESS,MEASURE PASSIVATION QUALITY,MEASURE FILM THICKNESS,DEPOSIT PASSIVATION LAYER,DEPOSIT PASSIVATION
valid_0369,SPIN COAT PHOTORESIST,CMP INTERLAYER DIELECTRIC,MEASURE POLY THICKNESS,CMP DIELECTRIC,DEPOSIT BARRIER METAL
valid_0370,CURE PASSIVATION,BACKSIDE METALLIZATION PREP,ANNEAL DIELECTRIC,BACKSIDE ANNEAL,DENSIFY DIELECTRIC
valid_0371,CMP INTERLAYER DIELECTRIC,CMP DIELECTRIC,CMP METAL,DEPOSIT INTERLEVEL DIELECTRIC,CMP VIA FILL
valid_0372,DEPOSIT PASSIVATION LAYER,DEPOSIT PASSIVATION,DEPOSIT INTERLAYER DIELECTRIC,DEPOSIT INTERLEVEL DIELECTRIC,DEPOSIT TOP METAL
valid_0373,SPIN COAT PHOTORESIST,MEASURE METAL THICKNESS,MEASURE POLY THICKNESS,EXPOSE LITHO LEVEL 5,CMP INTERLAYER DIELECTRIC
valid_0374,CURE PASSIVATION,ANNEAL DIELECTRIC,BACKSIDE METALLIZATION PREP,MEASURE PASSIVATION THICKNESS,DENSIFY DIELECTRIC
valid_0375,MEASURE DEVICE PARAMETER,DEPOSIT INTERLAYER DIELECTRIC,DEPOSIT INTERLEVEL DIELECTRIC,MEASURE SHEET RESISTANCE,PARAMETRIC TEST
valid_0376,CLEAN AFTER METAL ETCH,CLEAN AFTER FIELD ETCH,CLEAN PAD OPENING,CLEAN AFTER OXIDE ETCH,ALIGN MASK LEVEL 6
valid_0377,CMP INTERLAYER DIELECTRIC,CMP DIELECTRIC,CMP METAL,BACKSIDE ETCH CLEAN,CMP VIA FILL
valid_0378,CURE PASSIVATION,DENSIFY DIELECTRIC,FINAL CLEAN,DENSIFY OXIDE,ANNEAL METAL 1
valid_0379,SPIN COAT PHOTORESIST,MEASURE POLY THICKNESS,MEASURE METAL THICKNESS,CMP INTERLAYER DIELECTRIC,CMP DIELECTRIC
valid_0380,MEASURE PASSIVATION QUALITY,MEASURE PASSIVATION THICKNESS,DEPOSIT PASSIVATION LAYER,CURE PASSIVATION,DEPOSIT PASSIVATION
valid_0381,MEASURE FILM THICKNESS,MEASURE DIELECTRIC THICKNESS,MEASURE OXIDE THICKNESS,SPIN COAT PHOTORESIST,MEASURE PASSIVATION THICKNESS
valid_0382,MEASURE LINE WIDTH,DEPOSIT PASSIVATION,DEPOSIT PASSIVATION LAYER,PASSIVATION ETCH,PASSIVATION ETCH PAD OPENING
valid_0383,SOFT BAKE,ALIGN MASK LEVEL 5,MEASURE BACKSIDE CONTACT,EXPOSE LITHO LEVEL 4,EXPOSE LITHO LEVEL 5
valid_0384,MEASURE PASSIVATION THICKNESS,MEASURE PASSIVATION QUALITY,DEPOSIT PASSIVATION LAYER,DEPOSIT PASSIVATION,CURE PASSIVATION
valid_0385,MEASURE SURFACE PLANARITY,MEASURE PLANARITY,MEASURE SURFACE UNIFORMITY,MEASURE POLY THICKNESS,CMP INTERLAYER DIELECTRIC
valid_0386,CURE PASSIVATION,MEASURE PASSIVATION THICKNESS,MEASURE PASSIVATION QUALITY,FINAL CLEAN,CLEAN AFTER METAL ETCH
valid_0387,ALIGN MASK LEVEL 5,ALIGN MASK LEVEL 6,ALIGN MASK LEVEL 3,MEASURE DIELECTRIC THICKNESS,CLEAN AFTER VIA ETCH
valid_0388,CURE PASSIVATION,ANNEAL METAL 1,ANNEAL DIELECTRIC,BACKSIDE ANNEAL,ANNEAL METAL
valid_0389,MEASURE PLANARITY,MEASURE SURFACE PLANARITY,MEASURE SURFACE UNIFORMITY,MEASURE POLY THICKNESS,MEASURE SURFACE PARTICLES
valid_0390,CURE PASSIVATION,MEASURE PASSIVATION THICKNESS,MEASURE PASSIVATION QUALITY,CLEAN AFTER METAL ETCH,FINAL CLEAN
valid_0391,SPIN COAT PHOTORESIST,MEASURE POLY THICKNESS,MEASURE METAL THICKNESS,IMPLANT SOURCE REGION,EXPOSE LITHO LEVEL 5
valid_0392,DEPOSIT PASSIVATION LAYER,DEPOSIT PASSIVATION,MEASURE LINE WIDTH,FINAL PARTICLE INSPECTION,PASSIVATION ETCH
valid_0393,MEASURE PLANARITY,MEASURE SURFACE PLANARITY,MEASURE SURFACE UNIFORMITY,CMP INTERLAYER DIELECTRIC,PRE ANNEAL CHECK
valid_0394,CURE PASSIVATION,ANNEAL METAL 1,BACKSIDE ANNEAL,ANNEAL METAL,DENSIFY DIELECTRIC
valid_0395,SPIN COAT PHOTORESIST,DEPOSIT BARRIER METAL,MEASURE POLY THICKNESS,IMPLANT SOURCE REGION,CMP DIELECTRIC
valid_0396,MEASURE PASSIVATION THICKNESS,MEASURE PASSIVATION QUALITY,CURE PASSIVATION,MEASURE FILM THICKNESS,MEASURE DIELECTRIC THICKNESS
valid_0397,CMP INTERLAYER DIELECTRIC,CMP DIELECTRIC,SPIN COAT PHOTORESIST,DEPOSIT INTERLEVEL DIELECTRIC,DEPOSIT INTERLAYER DIELECTRIC
valid_0398,CURE PASSIVATION,CLEAN AFTER METAL ETCH,DENSIFY DIELECTRIC,DENSIFY OXIDE,ANNEAL DIELECTRIC
valid_0399,MEASURE SURFACE PLANARITY,MEASURE PLANARITY,MEASURE SURFACE UNIFORMITY,CMP INTERLAYER DIELECTRIC,MEASURE POLY THICKNESS
valid_0400,DEPOSIT PASSIVATION LAYER,DEPOSIT PASSIVATION,DEPOSIT METAL 1,DEPOSIT TOP METAL,DEPOSIT BARRIER METAL
valid_0401,DEPOSIT TUNGSTEN SEED,EXPOSE LITHO LEVEL 3,SURFACE PREP FOR DEPOSITION,FILL VIA TUNGSTEN,DEVELOP PHOTORESIST
valid_0402,PASSIVATION ETCH PAD OPENING,PASSIVATION ETCH,CLEAN PAD OPENING,DEPOSIT PASSIVATION LAYER,DEPOSIT PASSIVATION
valid_0403,MEASURE VIA CD,DEPOSIT BARRIER METAL,MEASURE CD LEVEL 2,MEASURE LINE WIDTH,DEPOSIT TOP METAL
valid_0404,PASSIVATION ETCH PAD OPENING,PASSIVATION ETCH,DEPOSIT PASSIVATION LAYER,DEPOSIT PASSIVATION,CLEAN PAD OPENING
valid_0405,MEASURE VIA CD,DEPOSIT BARRIER METAL,MEASURE CD LEVEL 2,CLEAN AFTER VIA ETCH,MEASURE LINE WIDTH
valid_0406,MEASURE PASSIVATION THICKNESS,MEASURE PASSIVATION QUALITY,CURE PASSIVATION,DEPOSIT PASSIVATION LAYER,MEASURE FILM THICKNESS
valid_0407,STRIP RESIST,STRIP PHOTORESIST,STRIP RESIST LEVEL 2,MEASURE VIA RESISTANCE,MEASURE CONTACT RESISTANCE
valid_0408,MEASURE PASSIVATION THICKNESS,MEASURE PASSIVATION QUALITY,DEPOSIT PASSIVATION LAYER,PASSIVATION ETCH,MEASURE FILM THICKNESS
valid_0409,STRIP PHOTORESIST,STRIP RESIST,STRIP RESIST LEVEL 2,DENSIFY OXIDE,DENSIFY DIELECTRIC
valid_0410,OPEN PAD WINDOW,OPEN BOND PAD WINDOW,OPEN PAD WINDOW LITHO,DEVELOP PAD WINDOW,PAD WINDOW LITHO
valid_0411,CLEAN AFTER VIA ETCH,CLEAN AFTER ETCH,CLEAN AFTER METAL ETCH,CLEAN AFTER POLY ETCH,CLEAN PAD OPENING
valid_0412,OPEN PAD WINDOW,OPEN BOND PAD WINDOW,OPEN PAD WINDOW LITHO,VIA OPENING INSPECTION,PAD WINDOW LITHO
valid_0413,STRIP RESIST,STRIP PHOTORESIST,STRIP RESIST LEVEL 2,VIA ETCH,VIA ETCH THROUGH DIELECTRIC
valid_0414,MEASURE PASSIVATION QUALITY,MEASURE PASSIVATION THICKNESS,MEASURE FILM THICKNESS,DEPOSIT PASSIVATION LAYER,DEPOSIT PASSIVATION
valid_0415,CLEAN AFTER VIA ETCH,CLEAN AFTER POLY ETCH,ALIGN MASK LEVEL 3,CLEAN AFTER METAL ETCH,CLEAN PAD OPENING
valid_0416,DEVELOP PHOTORESIST,DEVELOP PAD WINDOW,POST EXPOSE BAKE,STRIP RESIST,PAD WINDOW LITHO
valid_0417,CLEAN AFTER VIA ETCH,CLEAN AFTER ETCH,CLEAN AFTER METAL ETCH,CLEAN PAD OPENING,SURFACE PREP FOR DEPOSITION
valid_0418,PASSIVATION ETCH,PASSIVATION ETCH PAD OPENING,DEPOSIT PASSIVATION LAYER,DEPOSIT PASSIVATION,MEASURE PASSIVATION QUALITY
valid_0419,STRIP PHOTORESIST,STRIP RESIST,STRIP RESIST LEVEL 2,VIA ETCH,MEASURE VIA RESISTANCE
valid_0420,CURE PASSIVATION,CLEAN AFTER METAL ETCH,CLEAN PAD OPENING,FINAL CLEAN,RCA CLEAN 2
valid_0421,DEPOSIT TUNGSTEN SEED,FILL VIA TUNGSTEN,DEVELOP PHOTORESIST,POST EXPOSE BAKE,EXPOSE LITHO LEVEL 3
valid_0422,PASSIVATION ETCH,PASSIVATION ETCH PAD OPENING,DEPOSIT PASSIVATION LAYER,DIELECTRIC ETCH VIA,DEPOSIT PASSIVATION
valid_0423,MEASURE VIA CD,DEPOSIT BARRIER METAL,MEASURE CD LEVEL 2,CLEAN AFTER VIA ETCH,VIA INSPECTION
valid_0424,OPEN BOND PAD WINDOW,OPEN PAD WINDOW,MEASURE PASSIVATION QUALITY,MEASURE PASSIVATION THICKNESS,CURE PASSIVATION
valid_0425,CLEAN AFTER VIA ETCH,CLEAN AFTER METAL ETCH,CLEAN AFTER ETCH,CLEAN AFTER POLY ETCH,CLEAN PAD OPENING
valid_0426,PAD WINDOW LITHO,OPEN PAD WINDOW LITHO,EXPOSE LITHO LEVEL 2,OPEN BOND PAD WINDOW,DEVELOP PAD WINDOW
valid_0427,CLEAN AFTER VIA ETCH,CLEAN AFTER METAL ETCH,CLEAN AFTER ETCH,CLEAN PAD OPENING,SURFACE PREP FOR DEPOSITION
valid_0428,OPEN BOND PAD WINDOW,OPEN PAD WINDOW,OPEN PAD WINDOW LITHO,DEVELOP PAD WINDOW,PAD WINDOW LITHO
valid_0429,STRIP RESIST,STRIP PHOTORESIST,STRIP RESIST LEVEL 2,DENSIFY OXIDE,DENSIFY DIELECTRIC
valid_0430,OPEN PAD WINDOW LITHO,PAD WINDOW LITHO,OPEN BOND PAD WINDOW,EXPOSE LITHO LEVEL 2,OPEN PAD WINDOW
valid_0431,MEASURE VIA CD,DEPOSIT BARRIER METAL,MEASURE CD LEVEL 2,DEPOSIT TOP METAL,MEASURE VIA RESISTANCE
valid_0432,OPEN PAD WINDOW LITHO,PAD WINDOW LITHO,OPEN BOND PAD WINDOW,OPEN PAD WINDOW,DEVELOP PAD WINDOW
valid_0433,STRIP PHOTORESIST,STRIP RESIST,STRIP RESIST LEVEL 2,DENSIFY OXIDE,DENSIFY DIELECTRIC
valid_0434,DEVELOP PHOTORESIST,DEVELOP PAD WINDOW,POST EXPOSE BAKE,PAD WINDOW LITHO,OPEN PAD WINDOW LITHO
valid_0435,DEPOSIT BARRIER METAL,MEASURE VIA CD,EXPOSE LITHO LEVEL 3,SPIN COAT PHOTORESIST,DEPOSIT PASSIVATION
valid_0436,PAD WINDOW LITHO,OPEN PAD WINDOW LITHO,DEVELOP PAD WINDOW,OPEN PAD WINDOW,OPEN BOND PAD WINDOW
valid_0437,CLEAN AFTER VIA ETCH,CLEAN AFTER ETCH,CLEAN AFTER POLY ETCH,CLEAN AFTER METAL ETCH,ALIGN MASK LEVEL 3
valid_0438,OPEN PAD WINDOW LITHO,PAD WINDOW LITHO,EXPOSE LITHO LEVEL 2,DEVELOP PAD WINDOW,SPIN COAT PHOTORESIST
valid_0439,CLEAN AFTER VIA ETCH,CLEAN AFTER POLY ETCH,CLEAN AFTER ETCH,CLEAN AFTER METAL ETCH,CLEAN PAD OPENING
valid_0440,OPEN PAD WINDOW LITHO,PAD WINDOW LITHO,OPEN BOND PAD WINDOW,OPEN PAD WINDOW,EXPOSE LITHO LEVEL 2
valid_0441,STRIP PHOTORESIST,STRIP RESIST,STRIP RESIST LEVEL 2,VIA ETCH,MEASURE VIA RESISTANCE
valid_0442,OPEN PAD WINDOW,OPEN BOND PAD WINDOW,OPEN PAD WINDOW LITHO,DEVELOP PAD WINDOW,PAD WINDOW LITHO
valid_0443,DEPOSIT BARRIER METAL,DEPOSIT TUNGSTEN SEED,EXPOSE LITHO LEVEL 3,MEASURE VIA CD,DEPOSIT PASSIVATION
valid_0444,OPEN PAD WINDOW,OPEN BOND PAD WINDOW,OPEN PAD WINDOW LITHO,DEVELOP PAD WINDOW,PAD WINDOW LITHO
valid_0445,CLEAN AFTER VIA ETCH,CLEAN AFTER METAL ETCH,CLEAN AFTER POLY ETCH,CLEAN AFTER ETCH,CLEAN PAD OPENING
valid_0446,OPEN PAD WINDOW,OPEN BOND PAD WINDOW,CURE PASSIVATION,OPEN PAD WINDOW LITHO,MEASURE PASSIVATION QUALITY
valid_0447,CLEAN AFTER VIA ETCH,CLEAN AFTER METAL ETCH,CLEAN AFTER ETCH,DEPOSIT TUNGSTEN SEED,CLEAN AFTER POLY ETCH
valid_0448,DEVELOP PHOTORESIST,DEVELOP PAD WINDOW,POST EXPOSE BAKE,PAD WINDOW LITHO,OPEN PAD WINDOW LITHO
valid_0449,CLEAN AFTER VIA ETCH,CLEAN AFTER ETCH,CLEAN AFTER METAL ETCH,CLEAN AFTER POLY ETCH,CLEAN PAD OPENING
valid_0450,OPEN PAD WINDOW LITHO,PAD WINDOW LITHO,DEVELOP PAD WINDOW,OPEN BOND PAD WINDOW,OPEN PAD WINDOW
valid_0451,MEASURE VIA CD,DEPOSIT BARRIER METAL,VIA INSPECTION,MEASURE CD LEVEL 2,CLEAN AFTER VIA ETCH
valid_0452,DEVELOP PHOTORESIST,DEVELOP PAD WINDOW,POST EXPOSE BAKE,STRIP RESIST,PAD WINDOW LITHO
valid_0453,MEASURE VIA CD,DEPOSIT BARRIER METAL,MEASURE CD LEVEL 2,MEASURE LINE WIDTH,VIA INSPECTION
valid_0454,PAD WINDOW LITHO,OPEN PAD WINDOW LITHO,DEVELOP PAD WINDOW,OPEN BOND PAD WINDOW,OPEN PAD WINDOW
valid_0455,DEPOSIT BARRIER METAL,MEASURE VIA CD,EXPOSE LITHO LEVEL 3,IMPLANT N-TYPE,DEPOSIT PASSIVATION
valid_0456,DEVELOP PAD WINDOW,DEVELOP PHOTORESIST,POST EXPOSE BAKE,PAD WINDOW LITHO,OPEN PAD WINDOW LITHO
valid_0457,STRIP RESIST,STRIP PHOTORESIST,STRIP RESIST LEVEL 2,DENSIFY OXIDE,DENSIFY DIELECTRIC
valid_0458,MEASURE PASSIVATION QUALITY,MEASURE PASSIVATION THICKNESS,CURE PASSIVATION,DEPOSIT PASSIVATION LAYER,DEPOSIT PASSIVATION
valid_0459,HARD BAKE,DIELECTRIC ETCH VIA,VIA ETCH,VIA ETCH THROUGH DIELECTRIC,POLYSILICON ETCH DRY
valid_0460,MEASURE PASSIVATION QUALITY,MEASURE PASSIVATION THICKNESS,DEPOSIT PASSIVATION LAYER,DEPOSIT PASSIVATION,PASSIVATION ETCH
valid_0461,MEASURE VIA CD,DEPOSIT BARRIER METAL,MEASURE CD LEVEL 2,MEASURE LINE WIDTH,CMP METAL
valid_0462,OPEN PAD WINDOW LITHO,PAD WINDOW LITHO,OPEN BOND PAD WINDOW,OPEN PAD WINDOW,DEVELOP PAD WINDOW
valid_0463,MEASURE VIA CD,DEPOSIT BARRIER METAL,MEASURE CD LEVEL 2,VIA INSPECTION,MEASURE LINE WIDTH
valid_0464,OPEN PAD WINDOW LITHO,PAD WINDOW LITHO,DEVELOP PAD WINDOW,OPEN BOND PAD WINDOW,EXPOSE LITHO LEVEL 2
valid_0465,HARD BAKE,VIA ETCH,DIELECTRIC ETCH VIA,VIA ETCH THROUGH DIELECTRIC,POLYSILICON ETCH DRY
valid_0466,CURE PASSIVATION,MEASURE PASSIVATION THICKNESS,MEASURE PASSIVATION QUALITY,CLEAN AFTER METAL ETCH,CLEAN PAD OPENING
valid_0467,CLEAN AFTER VIA ETCH,CLEAN AFTER ETCH,CLEAN AFTER POLY ETCH,CLEAN AFTER METAL ETCH,CLEAN PAD OPENING
valid_0468,OPEN PAD WINDOW,OPEN BOND PAD WINDOW,OPEN PAD WINDOW LITHO,PAD WINDOW LITHO,DEVELOP PAD WINDOW
valid_0469,CLEAN AFTER VIA ETCH,CLEAN AFTER ETCH,SURFACE PREP FOR DEPOSITION,CLEAN AFTER METAL ETCH,CLEAN AFTER POLY ETCH
valid_0470,OPEN BOND PAD WINDOW,OPEN PAD WINDOW,OPEN PAD WINDOW LITHO,DEVELOP PAD WINDOW,PAD WINDOW LITHO
valid_0471,DEPOSIT BARRIER METAL,MEASURE VIA CD,DEPOSIT TUNGSTEN SEED,EXPOSE LITHO LEVEL 3,DEPOSIT POLYSILICON
valid_0472,PASSIVATION ETCH PAD OPENING,PASSIVATION ETCH,DIELECTRIC ETCH VIA,PAD WINDOW LITHO,VIA ETCH THROUGH DIELECTRIC
valid_0473,STRIP PHOTORESIST,STRIP RESIST,STRIP RESIST LEVEL 2,DENSIFY OXIDE,DENSIFY DIELECTRIC
valid_0474,MEASURE PASSIVATION QUALITY,MEASURE PASSIVATION THICKNESS,CURE PASSIVATION,DEPOSIT PASSIVATION LAYER,DEPOSIT PASSIVATION
valid_0475,DIELECTRIC ETCH VIA,VIA ETCH THROUGH DIELECTRIC,VIA ETCH,HARD BAKE,METAL ETCH DRY
valid_0476,MEASURE PASSIVATION QUALITY,MEASURE PASSIVATION THICKNESS,DEPOSIT PASSIVATION LAYER,CURE PASSIVATION,DEPOSIT PASSIVATION
valid_0477,CLEAN AFTER VIA ETCH,CLEAN AFTER ETCH,ALIGN MASK LEVEL 3,CLEAN AFTER POLY ETCH,CLEAN AFTER METAL ETCH
valid_0478,OPEN PAD WINDOW,OPEN BOND PAD WINDOW,OPEN PAD WINDOW LITHO,DEVELOP PAD WINDOW,PAD WINDOW LITHO
valid_0479,CLEAN AFTER VIA ETCH,CLEAN AFTER POLY ETCH,CLEAN AFTER ETCH,CLEAN AFTER METAL ETCH,CLEAN PAD OPENING
valid_0480,OPEN PAD WINDOW LITHO,PAD WINDOW LITHO,OPEN BOND PAD WINDOW,OPEN PAD WINDOW,DEVELOP PAD WINDOW
valid_0481,MEASURE VIA CD,DEPOSIT BARRIER METAL,MEASURE CD LEVEL 2,DEPOSIT TOP METAL,MEASURE VIA RESISTANCE
valid_0482,OPEN PAD WINDOW,OPEN BOND PAD WINDOW,OPEN PAD WINDOW LITHO,PAD WINDOW LITHO,DEVELOP PAD WINDOW
valid_0483,DEPOSIT TUNGSTEN SEED,FILL VIA TUNGSTEN,DEVELOP PHOTORESIST,POST EXPOSE BAKE,ANNEAL METAL
valid_0484,DEVELOP PHOTORESIST,DEVELOP PAD WINDOW,POST EXPOSE BAKE,PACKAGE PREPARATION,STRIP RESIST
valid_0485,DEPOSIT BARRIER METAL,MEASURE VIA CD,IMPLANT N-TYPE,DEPOSIT TUNGSTEN SEED,EXPOSE LITHO LEVEL 3
valid_0486,DEVELOP PHOTORESIST,DEVELOP PAD WINDOW,POST EXPOSE BAKE,PACKAGE PREPARATION,SHIP LOT
valid_0487,CLEAN AFTER VIA ETCH,SURFACE PREP FOR DEPOSITION,CLEAN AFTER ETCH,CLEAN AFTER METAL ETCH,DEPOSIT TUNGSTEN SEED
valid_0488,MEASURE PASSIVATION QUALITY,MEASURE PASSIVATION THICKNESS,DEPOSIT PASSIVATION LAYER,MEASURE FILM THICKNESS,DEPOSIT PASSIVATION
valid_0489,CLEAN AFTER VIA ETCH,CLEAN AFTER ETCH,CLEAN AFTER METAL ETCH,CLEAN PAD OPENING,DEPOSIT TUNGSTEN SEED
valid_0490,OPEN BOND PAD WINDOW,OPEN PAD WINDOW,OPEN PAD WINDOW LITHO,DEVELOP PAD WINDOW,VIA OPENING INSPECTION
valid_0491,STRIP RESIST,STRIP PHOTORESIST,STRIP RESIST LEVEL 2,DENSIFY OXIDE,DENSIFY DIELECTRIC
valid_0492,OPEN PAD WINDOW LITHO,PAD WINDOW LITHO,SPIN COAT PHOTORESIST,EXPOSE LITHO LEVEL 2,DEVELOP PAD WINDOW
valid_0493,MEASURE VIA CD,DEPOSIT BARRIER METAL,MEASURE CD LEVEL 2,MEASURE LINE WIDTH,VIA INSPECTION
valid_0494,PAD WINDOW LITHO,OPEN PAD WINDOW LITHO,DEVELOP PAD WINDOW,EXPOSE LITHO LEVEL 2,OPEN PAD WINDOW
valid_0495,CLEAN AFTER VIA ETCH,CLEAN AFTER ETCH,CLEAN AFTER METAL ETCH,CLEAN PAD OPENING,SURFACE PREP FOR DEPOSITION
valid_0496,MEASURE PASSIVATION THICKNESS,MEASURE PASSIVATION QUALITY,MEASURE FILM THICKNESS,DEPOSIT PASSIVATION LAYER,DEPOSIT PASSIVATION
valid_0497,MEASURE VIA CD,DEPOSIT BARRIER METAL,MEASURE CD LEVEL 2,VIA INSPECTION,MEASURE LINE WIDTH
valid_0498,DEVELOP PHOTORESIST,DEVELOP PAD WINDOW,POST EXPOSE BAKE,OPEN BOND PAD WINDOW,OPEN PAD WINDOW
valid_0499,CLEAN AFTER VIA ETCH,CLEAN AFTER ETCH,CLEAN AFTER METAL ETCH,CLEAN PAD OPENING,CLEAN AFTER POLY ETCH
valid_0500,PAD WINDOW LITHO,OPEN PAD WINDOW LITHO,OPEN BOND PAD WINDOW,OPEN PAD WINDOW,DEVELOP PAD WINDOW
valid_0501,CLEAN AFTER VIA ETCH,CLEAN AFTER ETCH,CLEAN AFTER METAL ETCH,CLEAN AFTER POLY ETCH,CLEAN PAD OPENING
valid_0502,PAD WINDOW LITHO,OPEN PAD WINDOW LITHO,SPIN COAT PHOTORESIST,MEASURE METAL THICKNESS,EXPOSE LITHO LEVEL 2
valid_0503,DEPOSIT BARRIER METAL,MEASURE VIA CD,DEPOSIT TUNGSTEN SEED,IMPLANT N-TYPE,EXPOSE LITHO LEVEL 3
valid_0504,PASSIVATION ETCH,PASSIVATION ETCH PAD OPENING,DIELECTRIC ETCH VIA,VIA ETCH THROUGH DIELECTRIC,CLEAN PAD OPENING
valid_0505,STRIP RESIST,STRIP PHOTORESIST,STRIP RESIST LEVEL 2,DENSIFY OXIDE,DENSIFY DIELECTRIC
valid_0506,CURE PASSIVATION,BACKSIDE ANNEAL,ANNEAL METAL 1,DENSIFY DIELECTRIC,ANNEAL METAL
valid_0507,STRIP PHOTORESIST,STRIP RESIST,STRIP RESIST LEVEL 2,DENSIFY OXIDE,DENSIFY DIELECTRIC
valid_0508,DEVELOP PHOTORESIST,DEVELOP PAD WINDOW,POST EXPOSE BAKE,OPEN PAD WINDOW,OPEN BOND PAD WINDOW
valid_0509,CLEAN AFTER VIA ETCH,CLEAN AFTER POLY ETCH,CLEAN AFTER ETCH,ALIGN MASK LEVEL 3,CLEAN AFTER METAL ETCH
valid_0510,MEASURE PASSIVATION QUALITY,MEASURE PASSIVATION THICKNESS,DEPOSIT PASSIVATION LAYER,CURE PASSIVATION,DEPOSIT PASSIVATION
valid_0511,VIA ETCH,VIA ETCH THROUGH DIELECTRIC,HARD BAKE,DIELECTRIC ETCH VIA,VIA INSPECTION
valid_0512,OPEN BOND PAD WINDOW,OPEN PAD WINDOW,OPEN PAD WINDOW LITHO,DEVELOP PAD WINDOW,PAD WINDOW LITHO
valid_0513,MEASURE VIA CD,DEPOSIT BARRIER METAL,MEASURE CD LEVEL 2,MEASURE LINE WIDTH,DEPOSIT TOP METAL
valid_0514,OPEN PAD WINDOW LITHO,PAD WINDOW LITHO,EXPOSE LITHO LEVEL 2,OPEN BOND PAD WINDOW,OPEN PAD WINDOW
valid_0515,MEASURE VIA CD,DEPOSIT BARRIER METAL,CLEAN AFTER VIA ETCH,VIA INSPECTION,MEASURE CD LEVEL 2
valid_0516,OPEN PAD WINDOW LITHO,PAD WINDOW LITHO,DEVELOP PAD WINDOW,OPEN BOND PAD WINDOW,OPEN PAD WINDOW
valid_0517,MEASURE VIA CD,DEPOSIT BARRIER METAL,CLEAN AFTER VIA ETCH,DEVELOP PHOTORESIST,VIA INSPECTION
valid_0518,DEVELOP PAD WINDOW,DEVELOP PHOTORESIST,POST EXPOSE BAKE,PAD WINDOW LITHO,OPEN PAD WINDOW LITHO
valid_0519,MEASURE VIA CD,DEPOSIT BARRIER METAL,MEASURE LINE WIDTH,MEASURE CD LEVEL 2,VIA INSPECTION
valid_0520,PAD WINDOW LITHO,OPEN PAD WINDOW LITHO,DEVELOP PAD WINDOW,OPEN BOND PAD WINDOW,OPEN PAD WINDOW
valid_0521,MEASURE VIA CD,DEPOSIT BARRIER METAL,VIA INSPECTION,MEASURE CD LEVEL 2,MEASURE LINE WIDTH
valid_0522,DEVELOP PHOTORESIST,DEVELOP PAD WINDOW,POST EXPOSE BAKE,OPEN BOND PAD WINDOW,OPEN PAD WINDOW
valid_0523,STRIP PHOTORESIST,STRIP RESIST,STRIP RESIST LEVEL 2,DENSIFY OXIDE,OXIDE STRIP
valid_0524,OPEN BOND PAD WINDOW,OPEN PAD WINDOW,OPEN PAD WINDOW LITHO,DEVELOP PAD WINDOW,VIA OPENING INSPECTION
valid_0525,MEASURE VIA CD,DEPOSIT BARRIER METAL,VIA INSPECTION,MEASURE CD LEVEL 2,DEPOSIT TOP METAL
valid_0526,DEVELOP PHOTORESIST,DEVELOP PAD WINDOW,POST EXPOSE BAKE,PAD WINDOW LITHO,MEASURE PAD OPENING
valid_0527,DEPOSIT BARRIER METAL,EXPOSE LITHO LEVEL 3,IMPLANT N-TYPE,DEPOSIT TUNGSTEN SEED,MEASURE VIA CD
valid_0528,PAD WINDOW LITHO,OPEN PAD WINDOW LITHO,DEVELOP PAD WINDOW,DEVELOP PHOTORESIST,OPEN BOND PAD WINDOW
valid_0529,CLEAN AFTER VIA ETCH,CLEAN AFTER POLY ETCH,CLEAN AFTER ETCH,CLEAN AFTER METAL ETCH,CLEAN PAD OPENING
valid_0530,CURE PASSIVATION,BACKSIDE ANNEAL,DENSIFY DIELECTRIC,DENSIFY OXIDE,ANNEAL METAL 1
valid_0531,DEPOSIT BARRIER METAL,MEASURE VIA CD,EXPOSE LITHO LEVEL 3,SPIN COAT PHOTORESIST,DEPOSIT TUNGSTEN SEED
valid_0532,PASSIVATION ETCH,PASSIVATION ETCH PAD OPENING,CLEAN PAD OPENING,DIELECTRIC ETCH VIA,VIA ETCH THROUGH DIELECTRIC
valid_0533,DEPOSIT TUNGSTEN SEED,FILL VIA TUNGSTEN,DEVELOP PHOTORESIST,CURE PASSIVATION,ANNEAL METAL 1
valid_0534,PASSIVATION ETCH,PASSIVATION ETCH PAD OPENING,CLEAN PAD OPENING,DEPOSIT PASSIVATION LAYER,DEPOSIT PASSIVATION
valid_0535,DEPOSIT BARRIER METAL,MEASURE VIA CD,SPIN COAT PHOTORESIST,DEPOSIT PASSIVATION,DEPOSIT TUNGSTEN SEED
valid_0536,PASSIVATION ETCH,PASSIVATION ETCH PAD OPENING,DEPOSIT PASSIVATION LAYER,DIELECTRIC ETCH VIA,DEPOSIT PASSIVATION
valid_0537,MEASURE VIA CD,DEPOSIT BARRIER METAL,MEASURE CD LEVEL 2,MEASURE LINE WIDTH,DEPOSIT TOP METAL
valid_0538,DEVELOP PAD WINDOW,DEVELOP PHOTORESIST,POST EXPOSE BAKE,CLEAN PAD OPENING,OPEN PAD WINDOW
valid_0539,STRIP PHOTORESIST,STRIP RESIST,STRIP RESIST LEVEL 2,OXIDE STRIP,DENSIFY OXIDE
valid_0540,OPEN PAD WINDOW,OPEN BOND PAD WINDOW,FINAL PARTICLE INSPECTION,OPEN PAD WINDOW LITHO,FINAL CD INSPECTION
valid_0541,STRIP PHOTORESIST,STRIP RESIST,STRIP RESIST LEVEL 2,DENSIFY OXIDE,DENSIFY DIELECTRIC
valid_0542,OPEN PAD WINDOW,OPEN BOND PAD WINDOW,OPEN PAD WINDOW LITHO,PAD WINDOW LITHO,DEVELOP PAD WINDOW
valid_0543,MEASURE VIA CD,DEPOSIT BARRIER METAL,CLEAN AFTER VIA ETCH,MEASURE CD LEVEL 2,VIA INSPECTION
valid_0544,OPEN PAD WINDOW,OPEN BOND PAD WINDOW,OPEN PAD WINDOW LITHO,PAD WINDOW LITHO,DEVELOP PAD WINDOW
valid_0545,DEPOSIT BARRIER METAL,MEASURE VIA CD,DEPOSIT TUNGSTEN SEED,EXPOSE LITHO LEVEL 3,SPIN COAT PHOTORESIST
valid_0546,DEVELOP PAD WINDOW,DEVELOP PHOTORESIST,POST EXPOSE BAKE,PAD WINDOW LITHO,OPEN PAD WINDOW LITHO
valid_0547,CLEAN AFTER VIA ETCH,CLEAN AFTER POLY ETCH,CLEAN AFTER ETCH,CLEAN AFTER METAL ETCH,ALIGN MASK LEVEL 3
valid_0548,DEVELOP PHOTORESIST,DEVELOP PAD WINDOW,POST EXPOSE BAKE,PAD WINDOW LITHO,PACKAGE PREPARATION
valid_0549,DEPOSIT TUNGSTEN SEED,SURFACE PREP FOR DEPOSITION,FILL VIA TUNGSTEN,EXPOSE LITHO LEVEL 3,DEVELOP PHOTORESIST
valid_0550,PASSIVATION ETCH PAD OPENING,PASSIVATION ETCH,DEPOSIT PASSIVATION LAYER,DEPOSIT PASSIVATION,CLEAN PAD OPENING
valid_0551,CLEAN AFTER VIA ETCH,CLEAN AFTER METAL ETCH,CLEAN AFTER ETCH,CLEAN PAD OPENING,CLEAN AFTER POLY ETCH
valid_0552,OPEN PAD WINDOW LITHO,PAD WINDOW LITHO,OPEN BOND PAD WINDOW,OPEN PAD WINDOW,SPIN COAT PHOTORESIST
valid_0553,MEASURE VIA CD,DEPOSIT BARRIER METAL,VIA INSPECTION,MEASURE VIA RESISTANCE,DEPOSIT TOP METAL
valid_0554,OPEN PAD WINDOW LITHO,PAD WINDOW LITHO,OPEN BOND PAD WINDOW,OPEN PAD WINDOW,DEVELOP PAD WINDOW
valid_0555,VIA ETCH,VIA ETCH THROUGH DIELECTRIC,DIELECTRIC ETCH VIA,HARD BAKE,VIA INSPECTION
valid_0556,OPEN BOND PAD WINDOW,OPEN PAD WINDOW,DEVELOP PAD WINDOW,OPEN PAD WINDOW LITHO,CURE PASSIVATION
valid_0557,MEASURE VIA CD,DEPOSIT BARRIER METAL,MEASURE LINE WIDTH,MEASURE CD LEVEL 2,MEASURE VIA RESISTANCE
valid_0558,DEVELOP PHOTORESIST,DEVELOP PAD WINDOW,POST EXPOSE BAKE,PAD WINDOW LITHO,OPEN PAD WINDOW LITHO
valid_0559,MEASURE VIA CD,DEPOSIT BARRIER METAL,CLEAN AFTER VIA ETCH,DEVELOP PHOTORESIST,VIA INSPECTION
valid_0560,OPEN PAD WINDOW LITHO,PAD WINDOW LITHO,DEVELOP PAD WINDOW,EXPOSE LITHO LEVEL 2,OPEN BOND PAD WINDOW
valid_0561,STRIP RESIST,STRIP PHOTORESIST,STRIP RESIST LEVEL 2,DENSIFY OXIDE,DENSIFY DIELECTRIC
valid_0562,OPEN BOND PAD WINDOW,OPEN PAD WINDOW,OPEN PAD WINDOW LITHO,DEVELOP PAD WINDOW,FINAL PARTICLE INSPECTION
valid_0563,CLEAN AFTER VIA ETCH,CLEAN AFTER ETCH,CLEAN AFTER METAL ETCH,CLEAN PAD OPENING,CLEAN AFTER POLY ETCH
valid_0564,OPEN BOND PAD WINDOW,OPEN PAD WINDOW,OPEN PAD WINDOW LITHO,DEVELOP PAD WINDOW,YIELD ANALYSIS
valid_0565,STRIP RESIST,STRIP PHOTORESIST,STRIP RESIST LEVEL 2,DENSIFY OXIDE,DENSIFY DIELECTRIC
valid_0566,OPEN PAD WINDOW,OPEN BOND PAD WINDOW,OPEN PAD WINDOW LITHO,VIA OPENING INSPECTION,DEVELOP PAD WINDOW
valid_0567,MEASURE VIA CD,DEPOSIT BARRIER METAL,MEASURE CD LEVEL 2,MEASURE LINE WIDTH,CLEAN AFTER VIA ETCH
valid_0568,OPEN PAD WINDOW LITHO,PAD WINDOW LITHO,DEVELOP PAD WINDOW,OPEN BOND PAD WINDOW,OPEN PAD WINDOW
valid_0569,STRIP RESIST,STRIP PHOTORESIST,STRIP RESIST LEVEL 2,DENSIFY OXIDE,DENSIFY DIELECTRIC
valid_0570,DEVELOP PHOTORESIST,DEVELOP PAD WINDOW,POST EXPOSE BAKE,STRIP RESIST,STRIP PHOTORESIST
valid_0571,STRIP PHOTORESIST,STRIP RESIST,STRIP RESIST LEVEL 2,DENSIFY OXIDE,DENSIFY DIELECTRIC
valid_0572,OPEN PAD WINDOW,OPEN BOND PAD WINDOW,OPEN PAD WINDOW LITHO,CURE PASSIVATION,PAD WINDOW LITHO
valid_0573,CLEAN AFTER VIA ETCH,CLEAN AFTER ETCH,CLEAN AFTER POLY ETCH,CLEAN AFTER METAL ETCH,CLEAN PAD OPENING
valid_0574,OPEN PAD WINDOW,OPEN BOND PAD WINDOW,OPEN PAD WINDOW LITHO,DEVELOP PAD WINDOW,PAD WINDOW LITHO
valid_0575,MEASURE VIA CD,DEPOSIT BARRIER METAL,MEASURE CD LEVEL 2,MEASURE LINE WIDTH,CMP METAL
valid_0576,DEVELOP PAD WINDOW,DEVELOP PHOTORESIST,POST EXPOSE BAKE,OPEN PAD WINDOW LITHO,PAD WINDOW LITHO
valid_0577,CLEAN AFTER VIA ETCH,CLEAN AFTER METAL ETCH,CLEAN AFTER ETCH,SURFACE PREP FOR DEPOSITION,ALIGN MASK LEVEL 3
valid_0578,DEVELOP PAD WINDOW,DEVELOP PHOTORESIST,POST EXPOSE BAKE,OPEN PAD WINDOW LITHO,OPEN BOND PAD WINDOW
valid_0579,STRIP RESIST,STRIP PHOTORESIST,STRIP RESIST LEVEL 2,DENSIFY OXIDE,DENSIFY DIELECTRIC
valid_0580,OPEN PAD WINDOW LITHO,PAD WINDOW LITHO,EXPOSE LITHO LEVEL 2,OPEN BOND PAD WINDOW,OPEN PAD WINDOW
valid_0581,CLEAN AFTER VIA ETCH,CLEAN AFTER ETCH,CLEAN AFTER POLY ETCH,CLEAN AFTER METAL ETCH,SURFACE PREP FOR DEPOSITION
valid_0582,OPEN PAD WINDOW LITHO,PAD WINDOW LITHO,OPEN BOND PAD WINDOW,OPEN PAD WINDOW,SPIN COAT PHOTORESIST
valid_0583,VIA ETCH,VIA ETCH THROUGH DIELECTRIC,DIELECTRIC ETCH VIA,MEASURE DIELECTRIC THICKNESS,MEASURE FILM THICKNESS
valid_0584,OPEN BOND PAD WINDOW,OPEN PAD WINDOW,OPEN PAD WINDOW LITHO,DEVELOP PAD WINDOW,PAD WINDOW LITHO
valid_0585,STRIP RESIST,STRIP PHOTORESIST,STRIP RESIST LEVEL 2,VIA ETCH,VIA ETCH THROUGH DIELECTRIC
valid_0586,PAD WINDOW LITHO,OPEN PAD WINDOW LITHO,EXPOSE LITHO LEVEL 2,SPIN COAT PHOTORESIST,MEASURE METAL THICKNESS
valid_0587,STRIP PHOTORESIST,STRIP RESIST,STRIP RESIST LEVEL 2,DENSIFY OXIDE,DENSIFY DIELECTRIC
valid_0588,OPEN BOND PAD WINDOW,OPEN PAD WINDOW,OPEN PAD WINDOW LITHO,PAD WINDOW LITHO,DEVELOP PAD WINDOW
valid_0589,DEVELOP PHOTORESIST,DEVELOP PAD WINDOW,POST EXPOSE BAKE,MEASURE PAD OPENING,FILL VIA TUNGSTEN
valid_0590,CURE PASSIVATION,BACKSIDE ANNEAL,DENSIFY DIELECTRIC,DENSIFY OXIDE,ANNEAL METAL 1
valid_0591,STRIP PHOTORESIST,STRIP RESIST,STRIP RESIST LEVEL 2,DENSIFY OXIDE,HARD BAKE
valid_0592,OPEN BOND PAD WINDOW,OPEN PAD WINDOW,OPEN PAD WINDOW LITHO,DEVELOP PAD WINDOW,PAD WINDOW LITHO
valid_0593,STRIP RESIST,STRIP PHOTORESIST,STRIP RESIST LEVEL 2,VIA ETCH,MEASURE VIA RESISTANCE
valid_0594,OPEN PAD WINDOW LITHO,PAD WINDOW LITHO,OPEN BOND PAD WINDOW,OPEN PAD WINDOW,DEVELOP PAD WINDOW
valid_0595,CLEAN AFTER VIA ETCH,CLEAN AFTER ETCH,CLEAN AFTER POLY ETCH,CLEAN AFTER METAL ETCH,CLEAN PAD OPENING
valid_0596,DEVELOP PAD WINDOW,DEVELOP PHOTORESIST,POST EXPOSE BAKE,PAD WINDOW LITHO,OPEN PAD WINDOW LITHO
valid_0597,CLEAN AFTER VIA ETCH,CLEAN AFTER POLY ETCH,CLEAN AFTER ETCH,CLEAN AFTER METAL ETCH,ALIGN MASK LEVEL 3
valid_0598,OPEN BOND PAD WINDOW,OPEN PAD WINDOW,OPEN PAD WINDOW LITHO,FINAL PARTICLE INSPECTION,DEVELOP PAD WINDOW
valid_0599,CLEAN AFTER VIA ETCH,ALIGN MASK LEVEL 3,SURFACE PREP FOR DEPOSITION,CLEAN AFTER METAL ETCH,CLEAN AFTER ETCH
valid_0600,OPEN PAD WINDOW LITHO,PAD WINDOW LITHO,OPEN BOND PAD WINDOW,DEVELOP PAD WINDOW,OPEN PAD WINDOW
